Copyright 1986-2022 Xilinx, Inc. All Rights Reserved. Copyright 2022-2026 Advanced Micro Devices, Inc. All Rights Reserved.
---------------------------------------------------------------------------------------------------------------------------------------------------------------------------------------------------------------------
| Tool Version : Vivado v.2026.1 (win64) Build 6511674 Tue Jun 16 11:02:23 MDT 2026
| Date         : Sat Jul 25 21:01:42 2026
| Host         : Nexus running 64-bit major release  (build 9200)
| Command      : report_timing_summary -max_paths 10 -routable_nets -report_unconstrained -file CPU_timing_summary_routed.rpt -pb CPU_timing_summary_routed.pb -rpx CPU_timing_summary_routed.rpx -warn_on_violation
| Design       : CPU
| Device       : 7a35t-cpg236
| Speed File   : -1  PRODUCTION 1.23 2018-06-13
| Design State : Routed
---------------------------------------------------------------------------------------------------------------------------------------------------------------------------------------------------------------------

Timing Summary Report

------------------------------------------------------------------------------------------------
| Timer Settings
| --------------
------------------------------------------------------------------------------------------------

  Enable Multi Corner Analysis               :  Yes
  Enable Pessimism Removal                   :  Yes
  Pessimism Removal Resolution               :  Nearest Common Node
  Enable Input Delay Default Clock           :  No
  Enable Preset / Clear Arcs                 :  No
  Disable Flight Delays                      :  No
  Ignore I/O Paths                           :  No
  Timing Early Launch at Borrowing Latches   :  No
  Borrow Time for Max Delay Exceptions       :  Yes
  Merge Timing Exceptions                    :  Yes
  Inter-SLR Compensation                     :  Conservative

  Corner  Analyze    Analyze    
  Name    Max Paths  Min Paths  
  ------  ---------  ---------  
  Slow    Yes        Yes        
  Fast    Yes        Yes        


------------------------------------------------------------------------------------------------
| Report Methodology
| ------------------
------------------------------------------------------------------------------------------------

Rule       Severity  Description                    Violations  
---------  --------  -----------------------------  ----------  
TIMING-18  Warning   Missing input or output delay  46          

Note: This report is based on the most recent report_methodology run and may not be up-to-date. Run report_methodology on the current design for the latest report.



check_timing report

Table of Contents
-----------------
1. checking no_clock (0)
2. checking constant_clock (0)
3. checking pulse_width_clock (0)
4. checking unconstrained_internal_endpoints (0)
5. checking no_input_delay (19)
6. checking no_output_delay (27)
7. checking multiple_clock (0)
8. checking generated_clocks (0)
9. checking loops (0)
10. checking partial_input_delay (0)
11. checking partial_output_delay (0)
12. checking latch_loops (0)

1. checking no_clock (0)
------------------------
 There are 0 register/latch pins with no clock.


2. checking constant_clock (0)
------------------------------
 There are 0 register/latch pins with constant_clock.


3. checking pulse_width_clock (0)
---------------------------------
 There are 0 register/latch pins which need pulse_width check


4. checking unconstrained_internal_endpoints (0)
------------------------------------------------
 There are 0 pins that are not constrained for maximum delay.

 There are 0 pins that are not constrained for maximum delay due to constant clock.


5. checking no_input_delay (19)
-------------------------------
 There are 19 input ports with no input delay specified. (HIGH)

 There are 0 input ports with no input delay but user has a false path constraint.


6. checking no_output_delay (27)
--------------------------------
 There are 27 ports with no output delay specified. (HIGH)

 There are 0 ports with no output delay but user has a false path constraint

 There are 0 ports with no output delay but with a timing clock defined on it or propagating through it


7. checking multiple_clock (0)
------------------------------
 There are 0 register/latch pins with multiple clocks.


8. checking generated_clocks (0)
--------------------------------
 There are 0 generated clocks that are not connected to a clock source.


9. checking loops (0)
---------------------
 There are 0 combinational loops in the design.


10. checking partial_input_delay (0)
------------------------------------
 There are 0 input ports with partial input delay specified.


11. checking partial_output_delay (0)
-------------------------------------
 There are 0 ports with partial output delay specified.


12. checking latch_loops (0)
----------------------------
 There are 0 combinational latch loops in the design through latch input



------------------------------------------------------------------------------------------------
| Design Timing Summary
| ---------------------
------------------------------------------------------------------------------------------------

    WNS(ns)      TNS(ns)  TNS Failing Endpoints  TNS Total Endpoints      WHS(ns)      THS(ns)  THS Failing Endpoints  THS Total Endpoints     WPWS(ns)     TPWS(ns)  TPWS Failing Endpoints  TPWS Total Endpoints  
    -------      -------  ---------------------  -------------------      -------      -------  ---------------------  -------------------     --------     --------  ----------------------  --------------------  
      3.766        0.000                      0                   42        0.171        0.000                      0                   42        4.500        0.000                       0                    59  


All user specified timing constraints are met.


------------------------------------------------------------------------------------------------
| Clock Summary
| -------------
------------------------------------------------------------------------------------------------

Clock        Waveform(ns)       Period(ns)      Frequency(MHz)
-----        ------------       ----------      --------------
sys_clk_pin  {0.000 5.000}      10.000          100.000         


------------------------------------------------------------------------------------------------
| Intra Clock Table
| -----------------
------------------------------------------------------------------------------------------------

Clock             WNS(ns)      TNS(ns)  TNS Failing Endpoints  TNS Total Endpoints      WHS(ns)      THS(ns)  THS Failing Endpoints  THS Total Endpoints     WPWS(ns)     TPWS(ns)  TPWS Failing Endpoints  TPWS Total Endpoints  
-----             -------      -------  ---------------------  -------------------      -------      -------  ---------------------  -------------------     --------     --------  ----------------------  --------------------  
sys_clk_pin         3.766        0.000                      0                   42        0.171        0.000                      0                   42        4.500        0.000                       0                    59  


------------------------------------------------------------------------------------------------
| Inter Clock Table
| -----------------
------------------------------------------------------------------------------------------------

From Clock    To Clock          WNS(ns)      TNS(ns)  TNS Failing Endpoints  TNS Total Endpoints      WHS(ns)      THS(ns)  THS Failing Endpoints  THS Total Endpoints  
----------    --------          -------      -------  ---------------------  -------------------      -------      -------  ---------------------  -------------------  


------------------------------------------------------------------------------------------------
| Other Path Groups Table
| -----------------------
------------------------------------------------------------------------------------------------

Path Group    From Clock    To Clock          WNS(ns)      TNS(ns)  TNS Failing Endpoints  TNS Total Endpoints      WHS(ns)      THS(ns)  THS Failing Endpoints  THS Total Endpoints  
----------    ----------    --------          -------      -------  ---------------------  -------------------      -------      -------  ---------------------  -------------------  


------------------------------------------------------------------------------------------------
| User Ignored Path Table
| -----------------------
------------------------------------------------------------------------------------------------

Path Group    From Clock    To Clock    
----------    ----------    --------    


------------------------------------------------------------------------------------------------
| Unconstrained Path Table
| ------------------------
------------------------------------------------------------------------------------------------

Path Group    From Clock    To Clock    
----------    ----------    --------    
(none)                                    
(none)        sys_clk_pin                 
(none)                      sys_clk_pin   


------------------------------------------------------------------------------------------------
| Timing Details
| --------------
------------------------------------------------------------------------------------------------


---------------------------------------------------------------------------------------------------
From Clock:  sys_clk_pin
  To Clock:  sys_clk_pin

Setup :            0  Failing Endpoints,  Worst Slack        3.766ns,  Total Violation        0.000ns
Hold  :            0  Failing Endpoints,  Worst Slack        0.171ns,  Total Violation        0.000ns
PW    :            0  Failing Endpoints,  Worst Slack        4.500ns,  Total Violation        0.000ns
---------------------------------------------------------------------------------------------------


Max Delay Paths
--------------------------------------------------------------------------------------
Slack (MET) :             3.766ns  (required time - arrival time)
  Source:                 machine/FSM_onehot_current_state_reg[2]/C
                            (rising edge-triggered cell FDCE clocked by sys_clk_pin  {rise@0.000ns fall@5.000ns period=10.000ns})
  Destination:            ALU/result_reg[6]_lopt_replica/D
                            (rising edge-triggered cell FDCE clocked by sys_clk_pin  {rise@0.000ns fall@5.000ns period=10.000ns})
  Path Group:             sys_clk_pin
  Path Type:              Setup (Max at Slow Process Corner)
  Requirement:            10.000ns  (sys_clk_pin rise@10.000ns - sys_clk_pin rise@0.000ns)
  Data Path Delay:        6.049ns  (logic 1.306ns (21.590%)  route 4.743ns (78.410%))
  Logic Levels:           5  (LUT4=3 LUT6=2)
  Clock Path Skew:        -0.105ns (DCD - SCD + CPR)
    Destination Clock Delay (DCD):    4.794ns = ( 14.794 - 10.000 ) 
    Source Clock Delay      (SCD):    5.159ns
    Clock Pessimism Removal (CPR):    0.260ns
  Clock Uncertainty:      0.035ns  ((TSJ^2 + TIJ^2)^1/2 + DJ) / 2 + PE
    Total System Jitter     (TSJ):    0.071ns
    Total Input Jitter      (TIJ):    0.000ns
    Discrete Jitter          (DJ):    0.000ns
    Phase Error              (PE):    0.000ns

    Location             Delay type                Incr(ns)  Path(ns)    Netlist Resource(s)
  -------------------------------------------------------------------    -------------------
                         (clock sys_clk_pin rise edge)
                                                      0.000     0.000 r  <hidden>
    W5                                                0.000     0.000 r  clk
                         net (fo=0)                   0.000     0.000    clk
    W5                   IBUF (Prop_ibuf_I_O)         1.458     1.458 r  clk_IBUF_inst/O
                         net (fo=1, routed)           1.967     3.425    clk_IBUF
    BUFGCTRL_X0Y0        BUFG (Prop_bufg_I_O)         0.096     3.521 r  clk_IBUF_BUFG_inst/O
                         net (fo=58, routed)          1.638     5.159    machine/CLK
    SLICE_X63Y46         FDCE                                         r  machine/FSM_onehot_current_state_reg[2]/C
  -------------------------------------------------------------------    -------------------
    SLICE_X63Y46         FDCE (Prop_fdce_C_Q)         0.456     5.615 r  machine/FSM_onehot_current_state_reg[2]/Q
                         net (fo=5, routed)           1.032     6.647    machine/FSM_onehot_current_state_reg_n_0_[2]
    SLICE_X63Y45         LUT6 (Prop_lut6_I3_O)        0.124     6.771 f  machine/OpCodeCheck_OBUF[4]_inst_i_2/O
                         net (fo=2, routed)           0.418     7.189    machine/OpCodeCheck_OBUF[4]_inst_i_2_n_0
    SLICE_X64Y45         LUT6 (Prop_lut6_I5_O)        0.124     7.313 f  machine/OpCodeCheck_OBUF[0]_inst_i_1/O
                         net (fo=11, routed)          1.048     8.360    ALU/OpCodeCheck_OBUF[0]
    SLICE_X60Y46         LUT4 (Prop_lut4_I0_O)        0.150     8.510 f  ALU/result_inferred__0/i___0/O
                         net (fo=1, routed)           0.452     8.963    ALU/result_inferred__0/i___0_n_0
    SLICE_X60Y46         LUT4 (Prop_lut4_I1_O)        0.328     9.291 r  ALU/result_inferred__0/i___3/O
                         net (fo=8, routed)           0.921    10.212    machine/result_reg[1]
    SLICE_X65Y47         LUT4 (Prop_lut4_I0_O)        0.124    10.336 r  machine/result[6]_i_1/O
                         net (fo=2, routed)           0.872    11.208    ALU/D[6]
    SLICE_X56Y45         FDCE                                         r  ALU/result_reg[6]_lopt_replica/D
  -------------------------------------------------------------------    -------------------

                         (clock sys_clk_pin rise edge)
                                                     10.000    10.000 r  <hidden>
    W5                                                0.000    10.000 r  clk
                         net (fo=0)                   0.000    10.000    clk
    W5                   IBUF (Prop_ibuf_I_O)         1.388    11.388 r  clk_IBUF_inst/O
                         net (fo=1, routed)           1.862    13.250    clk_IBUF
    BUFGCTRL_X0Y0        BUFG (Prop_bufg_I_O)         0.091    13.341 r  clk_IBUF_BUFG_inst/O
                         net (fo=58, routed)          1.453    14.794    ALU/CLK
    SLICE_X56Y45         FDCE                                         r  ALU/result_reg[6]_lopt_replica/C
                         clock pessimism              0.260    15.054    <hidden>
                         clock uncertainty           -0.035    15.019    <hidden>
    SLICE_X56Y45         FDCE (Setup_fdce_C_D)       -0.045    14.974    ALU/result_reg[6]_lopt_replica
  -------------------------------------------------------------------
                         required time                         14.974    <hidden>
                         arrival time                         -11.208    <hidden>
  -------------------------------------------------------------------
                         slack                                  3.766    <hidden>

Slack (MET) :             3.979ns  (required time - arrival time)
  Source:                 machine/FSM_onehot_current_state_reg[2]/C
                            (rising edge-triggered cell FDCE clocked by sys_clk_pin  {rise@0.000ns fall@5.000ns period=10.000ns})
  Destination:            ALU/result_reg[4]_lopt_replica/D
                            (rising edge-triggered cell FDCE clocked by sys_clk_pin  {rise@0.000ns fall@5.000ns period=10.000ns})
  Path Group:             sys_clk_pin
  Path Type:              Setup (Max at Slow Process Corner)
  Requirement:            10.000ns  (sys_clk_pin rise@10.000ns - sys_clk_pin rise@0.000ns)
  Data Path Delay:        5.850ns  (logic 1.306ns (22.326%)  route 4.544ns (77.674%))
  Logic Levels:           5  (LUT4=2 LUT5=1 LUT6=2)
  Clock Path Skew:        -0.105ns (DCD - SCD + CPR)
    Destination Clock Delay (DCD):    4.794ns = ( 14.794 - 10.000 ) 
    Source Clock Delay      (SCD):    5.159ns
    Clock Pessimism Removal (CPR):    0.260ns
  Clock Uncertainty:      0.035ns  ((TSJ^2 + TIJ^2)^1/2 + DJ) / 2 + PE
    Total System Jitter     (TSJ):    0.071ns
    Total Input Jitter      (TIJ):    0.000ns
    Discrete Jitter          (DJ):    0.000ns
    Phase Error              (PE):    0.000ns

    Location             Delay type                Incr(ns)  Path(ns)    Netlist Resource(s)
  -------------------------------------------------------------------    -------------------
                         (clock sys_clk_pin rise edge)
                                                      0.000     0.000 r  <hidden>
    W5                                                0.000     0.000 r  clk
                         net (fo=0)                   0.000     0.000    clk
    W5                   IBUF (Prop_ibuf_I_O)         1.458     1.458 r  clk_IBUF_inst/O
                         net (fo=1, routed)           1.967     3.425    clk_IBUF
    BUFGCTRL_X0Y0        BUFG (Prop_bufg_I_O)         0.096     3.521 r  clk_IBUF_BUFG_inst/O
                         net (fo=58, routed)          1.638     5.159    machine/CLK
    SLICE_X63Y46         FDCE                                         r  machine/FSM_onehot_current_state_reg[2]/C
  -------------------------------------------------------------------    -------------------
    SLICE_X63Y46         FDCE (Prop_fdce_C_Q)         0.456     5.615 r  machine/FSM_onehot_current_state_reg[2]/Q
                         net (fo=5, routed)           1.032     6.647    machine/FSM_onehot_current_state_reg_n_0_[2]
    SLICE_X63Y45         LUT6 (Prop_lut6_I3_O)        0.124     6.771 f  machine/OpCodeCheck_OBUF[4]_inst_i_2/O
                         net (fo=2, routed)           0.418     7.189    machine/OpCodeCheck_OBUF[4]_inst_i_2_n_0
    SLICE_X64Y45         LUT6 (Prop_lut6_I5_O)        0.124     7.313 f  machine/OpCodeCheck_OBUF[0]_inst_i_1/O
                         net (fo=11, routed)          1.048     8.360    ALU/OpCodeCheck_OBUF[0]
    SLICE_X60Y46         LUT4 (Prop_lut4_I0_O)        0.150     8.510 f  ALU/result_inferred__0/i___0/O
                         net (fo=1, routed)           0.452     8.963    ALU/result_inferred__0/i___0_n_0
    SLICE_X60Y46         LUT4 (Prop_lut4_I1_O)        0.328     9.291 r  ALU/result_inferred__0/i___3/O
                         net (fo=8, routed)           0.668     9.958    machine/result_reg[1]
    SLICE_X61Y47         LUT5 (Prop_lut5_I0_O)        0.124    10.082 r  machine/result[4]_i_1/O
                         net (fo=2, routed)           0.927    11.009    ALU/D[4]
    SLICE_X56Y45         FDCE                                         r  ALU/result_reg[4]_lopt_replica/D
  -------------------------------------------------------------------    -------------------

                         (clock sys_clk_pin rise edge)
                                                     10.000    10.000 r  <hidden>
    W5                                                0.000    10.000 r  clk
                         net (fo=0)                   0.000    10.000    clk
    W5                   IBUF (Prop_ibuf_I_O)         1.388    11.388 r  clk_IBUF_inst/O
                         net (fo=1, routed)           1.862    13.250    clk_IBUF
    BUFGCTRL_X0Y0        BUFG (Prop_bufg_I_O)         0.091    13.341 r  clk_IBUF_BUFG_inst/O
                         net (fo=58, routed)          1.453    14.794    ALU/CLK
    SLICE_X56Y45         FDCE                                         r  ALU/result_reg[4]_lopt_replica/C
                         clock pessimism              0.260    15.054    <hidden>
                         clock uncertainty           -0.035    15.019    <hidden>
    SLICE_X56Y45         FDCE (Setup_fdce_C_D)       -0.031    14.988    ALU/result_reg[4]_lopt_replica
  -------------------------------------------------------------------
                         required time                         14.988    <hidden>
                         arrival time                         -11.009    <hidden>
  -------------------------------------------------------------------
                         slack                                  3.979    <hidden>

Slack (MET) :             4.037ns  (required time - arrival time)
  Source:                 machine/FSM_onehot_current_state_reg[2]/C
                            (rising edge-triggered cell FDCE clocked by sys_clk_pin  {rise@0.000ns fall@5.000ns period=10.000ns})
  Destination:            ALU/result_reg[6]/D
                            (rising edge-triggered cell FDCE clocked by sys_clk_pin  {rise@0.000ns fall@5.000ns period=10.000ns})
  Path Group:             sys_clk_pin
  Path Type:              Setup (Max at Slow Process Corner)
  Requirement:            10.000ns  (sys_clk_pin rise@10.000ns - sys_clk_pin rise@0.000ns)
  Data Path Delay:        5.830ns  (logic 1.306ns (22.403%)  route 4.524ns (77.597%))
  Logic Levels:           5  (LUT4=3 LUT6=2)
  Clock Path Skew:        -0.040ns (DCD - SCD + CPR)
    Destination Clock Delay (DCD):    4.859ns = ( 14.859 - 10.000 ) 
    Source Clock Delay      (SCD):    5.159ns
    Clock Pessimism Removal (CPR):    0.260ns
  Clock Uncertainty:      0.035ns  ((TSJ^2 + TIJ^2)^1/2 + DJ) / 2 + PE
    Total System Jitter     (TSJ):    0.071ns
    Total Input Jitter      (TIJ):    0.000ns
    Discrete Jitter          (DJ):    0.000ns
    Phase Error              (PE):    0.000ns

    Location             Delay type                Incr(ns)  Path(ns)    Netlist Resource(s)
  -------------------------------------------------------------------    -------------------
                         (clock sys_clk_pin rise edge)
                                                      0.000     0.000 r  <hidden>
    W5                                                0.000     0.000 r  clk
                         net (fo=0)                   0.000     0.000    clk
    W5                   IBUF (Prop_ibuf_I_O)         1.458     1.458 r  clk_IBUF_inst/O
                         net (fo=1, routed)           1.967     3.425    clk_IBUF
    BUFGCTRL_X0Y0        BUFG (Prop_bufg_I_O)         0.096     3.521 r  clk_IBUF_BUFG_inst/O
                         net (fo=58, routed)          1.638     5.159    machine/CLK
    SLICE_X63Y46         FDCE                                         r  machine/FSM_onehot_current_state_reg[2]/C
  -------------------------------------------------------------------    -------------------
    SLICE_X63Y46         FDCE (Prop_fdce_C_Q)         0.456     5.615 r  machine/FSM_onehot_current_state_reg[2]/Q
                         net (fo=5, routed)           1.032     6.647    machine/FSM_onehot_current_state_reg_n_0_[2]
    SLICE_X63Y45         LUT6 (Prop_lut6_I3_O)        0.124     6.771 f  machine/OpCodeCheck_OBUF[4]_inst_i_2/O
                         net (fo=2, routed)           0.418     7.189    machine/OpCodeCheck_OBUF[4]_inst_i_2_n_0
    SLICE_X64Y45         LUT6 (Prop_lut6_I5_O)        0.124     7.313 f  machine/OpCodeCheck_OBUF[0]_inst_i_1/O
                         net (fo=11, routed)          1.048     8.360    ALU/OpCodeCheck_OBUF[0]
    SLICE_X60Y46         LUT4 (Prop_lut4_I0_O)        0.150     8.510 f  ALU/result_inferred__0/i___0/O
                         net (fo=1, routed)           0.452     8.963    ALU/result_inferred__0/i___0_n_0
    SLICE_X60Y46         LUT4 (Prop_lut4_I1_O)        0.328     9.291 r  ALU/result_inferred__0/i___3/O
                         net (fo=8, routed)           0.921    10.212    machine/result_reg[1]
    SLICE_X65Y47         LUT4 (Prop_lut4_I0_O)        0.124    10.336 r  machine/result[6]_i_1/O
                         net (fo=2, routed)           0.653    10.989    ALU/D[6]
    SLICE_X61Y45         FDCE                                         r  ALU/result_reg[6]/D
  -------------------------------------------------------------------    -------------------

                         (clock sys_clk_pin rise edge)
                                                     10.000    10.000 r  <hidden>
    W5                                                0.000    10.000 r  clk
                         net (fo=0)                   0.000    10.000    clk
    W5                   IBUF (Prop_ibuf_I_O)         1.388    11.388 r  clk_IBUF_inst/O
                         net (fo=1, routed)           1.862    13.250    clk_IBUF
    BUFGCTRL_X0Y0        BUFG (Prop_bufg_I_O)         0.091    13.341 r  clk_IBUF_BUFG_inst/O
                         net (fo=58, routed)          1.518    14.859    ALU/CLK
    SLICE_X61Y45         FDCE                                         r  ALU/result_reg[6]/C
                         clock pessimism              0.260    15.119    <hidden>
                         clock uncertainty           -0.035    15.084    <hidden>
    SLICE_X61Y45         FDCE (Setup_fdce_C_D)       -0.058    15.026    ALU/result_reg[6]
  -------------------------------------------------------------------
                         required time                         15.026    <hidden>
                         arrival time                         -10.989    <hidden>
  -------------------------------------------------------------------
                         slack                                  4.037    <hidden>

Slack (MET) :             4.201ns  (required time - arrival time)
  Source:                 machine/FSM_onehot_current_state_reg[2]/C
                            (rising edge-triggered cell FDCE clocked by sys_clk_pin  {rise@0.000ns fall@5.000ns period=10.000ns})
  Destination:            ALU/result_reg[2]_lopt_replica/D
                            (rising edge-triggered cell FDCE clocked by sys_clk_pin  {rise@0.000ns fall@5.000ns period=10.000ns})
  Path Group:             sys_clk_pin
  Path Type:              Setup (Max at Slow Process Corner)
  Requirement:            10.000ns  (sys_clk_pin rise@10.000ns - sys_clk_pin rise@0.000ns)
  Data Path Delay:        5.693ns  (logic 1.306ns (22.941%)  route 4.387ns (77.059%))
  Logic Levels:           5  (LUT4=2 LUT5=1 LUT6=2)
  Clock Path Skew:        -0.040ns (DCD - SCD + CPR)
    Destination Clock Delay (DCD):    4.859ns = ( 14.859 - 10.000 ) 
    Source Clock Delay      (SCD):    5.159ns
    Clock Pessimism Removal (CPR):    0.260ns
  Clock Uncertainty:      0.035ns  ((TSJ^2 + TIJ^2)^1/2 + DJ) / 2 + PE
    Total System Jitter     (TSJ):    0.071ns
    Total Input Jitter      (TIJ):    0.000ns
    Discrete Jitter          (DJ):    0.000ns
    Phase Error              (PE):    0.000ns

    Location             Delay type                Incr(ns)  Path(ns)    Netlist Resource(s)
  -------------------------------------------------------------------    -------------------
                         (clock sys_clk_pin rise edge)
                                                      0.000     0.000 r  <hidden>
    W5                                                0.000     0.000 r  clk
                         net (fo=0)                   0.000     0.000    clk
    W5                   IBUF (Prop_ibuf_I_O)         1.458     1.458 r  clk_IBUF_inst/O
                         net (fo=1, routed)           1.967     3.425    clk_IBUF
    BUFGCTRL_X0Y0        BUFG (Prop_bufg_I_O)         0.096     3.521 r  clk_IBUF_BUFG_inst/O
                         net (fo=58, routed)          1.638     5.159    machine/CLK
    SLICE_X63Y46         FDCE                                         r  machine/FSM_onehot_current_state_reg[2]/C
  -------------------------------------------------------------------    -------------------
    SLICE_X63Y46         FDCE (Prop_fdce_C_Q)         0.456     5.615 r  machine/FSM_onehot_current_state_reg[2]/Q
                         net (fo=5, routed)           1.032     6.647    machine/FSM_onehot_current_state_reg_n_0_[2]
    SLICE_X63Y45         LUT6 (Prop_lut6_I3_O)        0.124     6.771 f  machine/OpCodeCheck_OBUF[4]_inst_i_2/O
                         net (fo=2, routed)           0.418     7.189    machine/OpCodeCheck_OBUF[4]_inst_i_2_n_0
    SLICE_X64Y45         LUT6 (Prop_lut6_I5_O)        0.124     7.313 f  machine/OpCodeCheck_OBUF[0]_inst_i_1/O
                         net (fo=11, routed)          1.048     8.360    ALU/OpCodeCheck_OBUF[0]
    SLICE_X60Y46         LUT4 (Prop_lut4_I0_O)        0.150     8.510 f  ALU/result_inferred__0/i___0/O
                         net (fo=1, routed)           0.452     8.963    ALU/result_inferred__0/i___0_n_0
    SLICE_X60Y46         LUT4 (Prop_lut4_I1_O)        0.328     9.291 r  ALU/result_inferred__0/i___3/O
                         net (fo=8, routed)           0.665     9.956    machine/result_reg[1]
    SLICE_X60Y47         LUT5 (Prop_lut5_I0_O)        0.124    10.080 r  machine/result[2]_i_1/O
                         net (fo=2, routed)           0.773    10.852    ALU/D[2]
    SLICE_X60Y43         FDCE                                         r  ALU/result_reg[2]_lopt_replica/D
  -------------------------------------------------------------------    -------------------

                         (clock sys_clk_pin rise edge)
                                                     10.000    10.000 r  <hidden>
    W5                                                0.000    10.000 r  clk
                         net (fo=0)                   0.000    10.000    clk
    W5                   IBUF (Prop_ibuf_I_O)         1.388    11.388 r  clk_IBUF_inst/O
                         net (fo=1, routed)           1.862    13.250    clk_IBUF
    BUFGCTRL_X0Y0        BUFG (Prop_bufg_I_O)         0.091    13.341 r  clk_IBUF_BUFG_inst/O
                         net (fo=58, routed)          1.518    14.859    ALU/CLK
    SLICE_X60Y43         FDCE                                         r  ALU/result_reg[2]_lopt_replica/C
                         clock pessimism              0.260    15.119    <hidden>
                         clock uncertainty           -0.035    15.084    <hidden>
    SLICE_X60Y43         FDCE (Setup_fdce_C_D)       -0.031    15.053    ALU/result_reg[2]_lopt_replica
  -------------------------------------------------------------------
                         required time                         15.053    <hidden>
                         arrival time                         -10.852    <hidden>
  -------------------------------------------------------------------
                         slack                                  4.201    <hidden>

Slack (MET) :             4.245ns  (required time - arrival time)
  Source:                 machine/FSM_onehot_current_state_reg[2]/C
                            (rising edge-triggered cell FDCE clocked by sys_clk_pin  {rise@0.000ns fall@5.000ns period=10.000ns})
  Destination:            ALU/result_reg[1]_lopt_replica/D
                            (rising edge-triggered cell FDCE clocked by sys_clk_pin  {rise@0.000ns fall@5.000ns period=10.000ns})
  Path Group:             sys_clk_pin
  Path Type:              Setup (Max at Slow Process Corner)
  Requirement:            10.000ns  (sys_clk_pin rise@10.000ns - sys_clk_pin rise@0.000ns)
  Data Path Delay:        5.548ns  (logic 1.306ns (23.540%)  route 4.242ns (76.460%))
  Logic Levels:           5  (LUT4=2 LUT6=3)
  Clock Path Skew:        -0.105ns (DCD - SCD + CPR)
    Destination Clock Delay (DCD):    4.794ns = ( 14.794 - 10.000 ) 
    Source Clock Delay      (SCD):    5.159ns
    Clock Pessimism Removal (CPR):    0.260ns
  Clock Uncertainty:      0.035ns  ((TSJ^2 + TIJ^2)^1/2 + DJ) / 2 + PE
    Total System Jitter     (TSJ):    0.071ns
    Total Input Jitter      (TIJ):    0.000ns
    Discrete Jitter          (DJ):    0.000ns
    Phase Error              (PE):    0.000ns

    Location             Delay type                Incr(ns)  Path(ns)    Netlist Resource(s)
  -------------------------------------------------------------------    -------------------
                         (clock sys_clk_pin rise edge)
                                                      0.000     0.000 r  <hidden>
    W5                                                0.000     0.000 r  clk
                         net (fo=0)                   0.000     0.000    clk
    W5                   IBUF (Prop_ibuf_I_O)         1.458     1.458 r  clk_IBUF_inst/O
                         net (fo=1, routed)           1.967     3.425    clk_IBUF
    BUFGCTRL_X0Y0        BUFG (Prop_bufg_I_O)         0.096     3.521 r  clk_IBUF_BUFG_inst/O
                         net (fo=58, routed)          1.638     5.159    machine/CLK
    SLICE_X63Y46         FDCE                                         r  machine/FSM_onehot_current_state_reg[2]/C
  -------------------------------------------------------------------    -------------------
    SLICE_X63Y46         FDCE (Prop_fdce_C_Q)         0.456     5.615 r  machine/FSM_onehot_current_state_reg[2]/Q
                         net (fo=5, routed)           1.032     6.647    machine/FSM_onehot_current_state_reg_n_0_[2]
    SLICE_X63Y45         LUT6 (Prop_lut6_I3_O)        0.124     6.771 f  machine/OpCodeCheck_OBUF[4]_inst_i_2/O
                         net (fo=2, routed)           0.418     7.189    machine/OpCodeCheck_OBUF[4]_inst_i_2_n_0
    SLICE_X64Y45         LUT6 (Prop_lut6_I5_O)        0.124     7.313 f  machine/OpCodeCheck_OBUF[0]_inst_i_1/O
                         net (fo=11, routed)          1.048     8.360    ALU/OpCodeCheck_OBUF[0]
    SLICE_X60Y46         LUT4 (Prop_lut4_I0_O)        0.150     8.510 f  ALU/result_inferred__0/i___0/O
                         net (fo=1, routed)           0.452     8.963    ALU/result_inferred__0/i___0_n_0
    SLICE_X60Y46         LUT4 (Prop_lut4_I1_O)        0.328     9.291 r  ALU/result_inferred__0/i___3/O
                         net (fo=8, routed)           0.352     9.643    machine/result_reg[1]
    SLICE_X63Y46         LUT6 (Prop_lut6_I0_O)        0.124     9.767 r  machine/result[1]_i_1/O
                         net (fo=2, routed)           0.940    10.707    ALU/D[1]
    SLICE_X57Y45         FDCE                                         r  ALU/result_reg[1]_lopt_replica/D
  -------------------------------------------------------------------    -------------------

                         (clock sys_clk_pin rise edge)
                                                     10.000    10.000 r  <hidden>
    W5                                                0.000    10.000 r  clk
                         net (fo=0)                   0.000    10.000    clk
    W5                   IBUF (Prop_ibuf_I_O)         1.388    11.388 r  clk_IBUF_inst/O
                         net (fo=1, routed)           1.862    13.250    clk_IBUF
    BUFGCTRL_X0Y0        BUFG (Prop_bufg_I_O)         0.091    13.341 r  clk_IBUF_BUFG_inst/O
                         net (fo=58, routed)          1.453    14.794    ALU/CLK
    SLICE_X57Y45         FDCE                                         r  ALU/result_reg[1]_lopt_replica/C
                         clock pessimism              0.260    15.054    <hidden>
                         clock uncertainty           -0.035    15.019    <hidden>
    SLICE_X57Y45         FDCE (Setup_fdce_C_D)       -0.067    14.952    ALU/result_reg[1]_lopt_replica
  -------------------------------------------------------------------
                         required time                         14.952    <hidden>
                         arrival time                         -10.707    <hidden>
  -------------------------------------------------------------------
                         slack                                  4.245    <hidden>

Slack (MET) :             4.250ns  (required time - arrival time)
  Source:                 machine/FSM_onehot_current_state_reg[2]/C
                            (rising edge-triggered cell FDCE clocked by sys_clk_pin  {rise@0.000ns fall@5.000ns period=10.000ns})
  Destination:            ALU/result_reg[7]_lopt_replica/D
                            (rising edge-triggered cell FDCE clocked by sys_clk_pin  {rise@0.000ns fall@5.000ns period=10.000ns})
  Path Group:             sys_clk_pin
  Path Type:              Setup (Max at Slow Process Corner)
  Requirement:            10.000ns  (sys_clk_pin rise@10.000ns - sys_clk_pin rise@0.000ns)
  Data Path Delay:        5.608ns  (logic 1.306ns (23.289%)  route 4.302ns (76.711%))
  Logic Levels:           5  (LUT4=3 LUT6=2)
  Clock Path Skew:        -0.040ns (DCD - SCD + CPR)
    Destination Clock Delay (DCD):    4.859ns = ( 14.859 - 10.000 ) 
    Source Clock Delay      (SCD):    5.159ns
    Clock Pessimism Removal (CPR):    0.260ns
  Clock Uncertainty:      0.035ns  ((TSJ^2 + TIJ^2)^1/2 + DJ) / 2 + PE
    Total System Jitter     (TSJ):    0.071ns
    Total Input Jitter      (TIJ):    0.000ns
    Discrete Jitter          (DJ):    0.000ns
    Phase Error              (PE):    0.000ns

    Location             Delay type                Incr(ns)  Path(ns)    Netlist Resource(s)
  -------------------------------------------------------------------    -------------------
                         (clock sys_clk_pin rise edge)
                                                      0.000     0.000 r  <hidden>
    W5                                                0.000     0.000 r  clk
                         net (fo=0)                   0.000     0.000    clk
    W5                   IBUF (Prop_ibuf_I_O)         1.458     1.458 r  clk_IBUF_inst/O
                         net (fo=1, routed)           1.967     3.425    clk_IBUF
    BUFGCTRL_X0Y0        BUFG (Prop_bufg_I_O)         0.096     3.521 r  clk_IBUF_BUFG_inst/O
                         net (fo=58, routed)          1.638     5.159    machine/CLK
    SLICE_X63Y46         FDCE                                         r  machine/FSM_onehot_current_state_reg[2]/C
  -------------------------------------------------------------------    -------------------
    SLICE_X63Y46         FDCE (Prop_fdce_C_Q)         0.456     5.615 r  machine/FSM_onehot_current_state_reg[2]/Q
                         net (fo=5, routed)           1.032     6.647    machine/FSM_onehot_current_state_reg_n_0_[2]
    SLICE_X63Y45         LUT6 (Prop_lut6_I3_O)        0.124     6.771 f  machine/OpCodeCheck_OBUF[4]_inst_i_2/O
                         net (fo=2, routed)           0.418     7.189    machine/OpCodeCheck_OBUF[4]_inst_i_2_n_0
    SLICE_X64Y45         LUT6 (Prop_lut6_I5_O)        0.124     7.313 f  machine/OpCodeCheck_OBUF[0]_inst_i_1/O
                         net (fo=11, routed)          1.048     8.360    ALU/OpCodeCheck_OBUF[0]
    SLICE_X60Y46         LUT4 (Prop_lut4_I0_O)        0.150     8.510 f  ALU/result_inferred__0/i___0/O
                         net (fo=1, routed)           0.452     8.963    ALU/result_inferred__0/i___0_n_0
    SLICE_X60Y46         LUT4 (Prop_lut4_I1_O)        0.328     9.291 r  ALU/result_inferred__0/i___3/O
                         net (fo=8, routed)           0.682     9.973    machine/result_reg[1]
    SLICE_X60Y47         LUT4 (Prop_lut4_I0_O)        0.124    10.097 r  machine/result[7]_i_1/O
                         net (fo=2, routed)           0.670    10.767    ALU/D[7]
    SLICE_X58Y45         FDCE                                         r  ALU/result_reg[7]_lopt_replica/D
  -------------------------------------------------------------------    -------------------

                         (clock sys_clk_pin rise edge)
                                                     10.000    10.000 r  <hidden>
    W5                                                0.000    10.000 r  clk
                         net (fo=0)                   0.000    10.000    clk
    W5                   IBUF (Prop_ibuf_I_O)         1.388    11.388 r  clk_IBUF_inst/O
                         net (fo=1, routed)           1.862    13.250    clk_IBUF
    BUFGCTRL_X0Y0        BUFG (Prop_bufg_I_O)         0.091    13.341 r  clk_IBUF_BUFG_inst/O
                         net (fo=58, routed)          1.518    14.859    ALU/CLK
    SLICE_X58Y45         FDCE                                         r  ALU/result_reg[7]_lopt_replica/C
                         clock pessimism              0.260    15.119    <hidden>
                         clock uncertainty           -0.035    15.084    <hidden>
    SLICE_X58Y45         FDCE (Setup_fdce_C_D)       -0.067    15.017    ALU/result_reg[7]_lopt_replica
  -------------------------------------------------------------------
                         required time                         15.017    <hidden>
                         arrival time                         -10.767    <hidden>
  -------------------------------------------------------------------
                         slack                                  4.250    <hidden>

Slack (MET) :             4.336ns  (required time - arrival time)
  Source:                 machine/FSM_onehot_current_state_reg[2]/C
                            (rising edge-triggered cell FDCE clocked by sys_clk_pin  {rise@0.000ns fall@5.000ns period=10.000ns})
  Destination:            ALU/result_reg[0]/D
                            (rising edge-triggered cell FDCE clocked by sys_clk_pin  {rise@0.000ns fall@5.000ns period=10.000ns})
  Path Group:             sys_clk_pin
  Path Type:              Setup (Max at Slow Process Corner)
  Requirement:            10.000ns  (sys_clk_pin rise@10.000ns - sys_clk_pin rise@0.000ns)
  Data Path Delay:        5.536ns  (logic 1.306ns (23.589%)  route 4.230ns (76.411%))
  Logic Levels:           5  (LUT4=2 LUT6=3)
  Clock Path Skew:        -0.025ns (DCD - SCD + CPR)
    Destination Clock Delay (DCD):    4.860ns = ( 14.860 - 10.000 ) 
    Source Clock Delay      (SCD):    5.159ns
    Clock Pessimism Removal (CPR):    0.274ns
  Clock Uncertainty:      0.035ns  ((TSJ^2 + TIJ^2)^1/2 + DJ) / 2 + PE
    Total System Jitter     (TSJ):    0.071ns
    Total Input Jitter      (TIJ):    0.000ns
    Discrete Jitter          (DJ):    0.000ns
    Phase Error              (PE):    0.000ns

    Location             Delay type                Incr(ns)  Path(ns)    Netlist Resource(s)
  -------------------------------------------------------------------    -------------------
                         (clock sys_clk_pin rise edge)
                                                      0.000     0.000 r  <hidden>
    W5                                                0.000     0.000 r  clk
                         net (fo=0)                   0.000     0.000    clk
    W5                   IBUF (Prop_ibuf_I_O)         1.458     1.458 r  clk_IBUF_inst/O
                         net (fo=1, routed)           1.967     3.425    clk_IBUF
    BUFGCTRL_X0Y0        BUFG (Prop_bufg_I_O)         0.096     3.521 r  clk_IBUF_BUFG_inst/O
                         net (fo=58, routed)          1.638     5.159    machine/CLK
    SLICE_X63Y46         FDCE                                         r  machine/FSM_onehot_current_state_reg[2]/C
  -------------------------------------------------------------------    -------------------
    SLICE_X63Y46         FDCE (Prop_fdce_C_Q)         0.456     5.615 r  machine/FSM_onehot_current_state_reg[2]/Q
                         net (fo=5, routed)           1.032     6.647    machine/FSM_onehot_current_state_reg_n_0_[2]
    SLICE_X63Y45         LUT6 (Prop_lut6_I3_O)        0.124     6.771 f  machine/OpCodeCheck_OBUF[4]_inst_i_2/O
                         net (fo=2, routed)           0.418     7.189    machine/OpCodeCheck_OBUF[4]_inst_i_2_n_0
    SLICE_X64Y45         LUT6 (Prop_lut6_I5_O)        0.124     7.313 f  machine/OpCodeCheck_OBUF[0]_inst_i_1/O
                         net (fo=11, routed)          1.048     8.360    ALU/OpCodeCheck_OBUF[0]
    SLICE_X60Y46         LUT4 (Prop_lut4_I0_O)        0.150     8.510 f  ALU/result_inferred__0/i___0/O
                         net (fo=1, routed)           0.452     8.963    ALU/result_inferred__0/i___0_n_0
    SLICE_X60Y46         LUT4 (Prop_lut4_I1_O)        0.328     9.291 r  ALU/result_inferred__0/i___3/O
                         net (fo=8, routed)           0.631     9.922    machine/result_reg[1]
    SLICE_X65Y46         LUT6 (Prop_lut6_I0_O)        0.124    10.046 r  machine/result[0]_i_1/O
                         net (fo=2, routed)           0.650    10.696    ALU/D[0]
    SLICE_X62Y44         FDCE                                         r  ALU/result_reg[0]/D
  -------------------------------------------------------------------    -------------------

                         (clock sys_clk_pin rise edge)
                                                     10.000    10.000 r  <hidden>
    W5                                                0.000    10.000 r  clk
                         net (fo=0)                   0.000    10.000    clk
    W5                   IBUF (Prop_ibuf_I_O)         1.388    11.388 r  clk_IBUF_inst/O
                         net (fo=1, routed)           1.862    13.250    clk_IBUF
    BUFGCTRL_X0Y0        BUFG (Prop_bufg_I_O)         0.091    13.341 r  clk_IBUF_BUFG_inst/O
                         net (fo=58, routed)          1.519    14.860    ALU/CLK
    SLICE_X62Y44         FDCE                                         r  ALU/result_reg[0]/C
                         clock pessimism              0.274    15.134    <hidden>
                         clock uncertainty           -0.035    15.099    <hidden>
    SLICE_X62Y44         FDCE (Setup_fdce_C_D)       -0.067    15.032    ALU/result_reg[0]
  -------------------------------------------------------------------
                         required time                         15.032    <hidden>
                         arrival time                         -10.696    <hidden>
  -------------------------------------------------------------------
                         slack                                  4.336    <hidden>

Slack (MET) :             4.341ns  (required time - arrival time)
  Source:                 machine/FSM_onehot_current_state_reg[2]/C
                            (rising edge-triggered cell FDCE clocked by sys_clk_pin  {rise@0.000ns fall@5.000ns period=10.000ns})
  Destination:            ALU/result_reg[2]/D
                            (rising edge-triggered cell FDCE clocked by sys_clk_pin  {rise@0.000ns fall@5.000ns period=10.000ns})
  Path Group:             sys_clk_pin
  Path Type:              Setup (Max at Slow Process Corner)
  Requirement:            10.000ns  (sys_clk_pin rise@10.000ns - sys_clk_pin rise@0.000ns)
  Data Path Delay:        5.553ns  (logic 1.306ns (23.518%)  route 4.247ns (76.482%))
  Logic Levels:           5  (LUT4=2 LUT5=1 LUT6=2)
  Clock Path Skew:        -0.040ns (DCD - SCD + CPR)
    Destination Clock Delay (DCD):    4.859ns = ( 14.859 - 10.000 ) 
    Source Clock Delay      (SCD):    5.159ns
    Clock Pessimism Removal (CPR):    0.260ns
  Clock Uncertainty:      0.035ns  ((TSJ^2 + TIJ^2)^1/2 + DJ) / 2 + PE
    Total System Jitter     (TSJ):    0.071ns
    Total Input Jitter      (TIJ):    0.000ns
    Discrete Jitter          (DJ):    0.000ns
    Phase Error              (PE):    0.000ns

    Location             Delay type                Incr(ns)  Path(ns)    Netlist Resource(s)
  -------------------------------------------------------------------    -------------------
                         (clock sys_clk_pin rise edge)
                                                      0.000     0.000 r  <hidden>
    W5                                                0.000     0.000 r  clk
                         net (fo=0)                   0.000     0.000    clk
    W5                   IBUF (Prop_ibuf_I_O)         1.458     1.458 r  clk_IBUF_inst/O
                         net (fo=1, routed)           1.967     3.425    clk_IBUF
    BUFGCTRL_X0Y0        BUFG (Prop_bufg_I_O)         0.096     3.521 r  clk_IBUF_BUFG_inst/O
                         net (fo=58, routed)          1.638     5.159    machine/CLK
    SLICE_X63Y46         FDCE                                         r  machine/FSM_onehot_current_state_reg[2]/C
  -------------------------------------------------------------------    -------------------
    SLICE_X63Y46         FDCE (Prop_fdce_C_Q)         0.456     5.615 r  machine/FSM_onehot_current_state_reg[2]/Q
                         net (fo=5, routed)           1.032     6.647    machine/FSM_onehot_current_state_reg_n_0_[2]
    SLICE_X63Y45         LUT6 (Prop_lut6_I3_O)        0.124     6.771 f  machine/OpCodeCheck_OBUF[4]_inst_i_2/O
                         net (fo=2, routed)           0.418     7.189    machine/OpCodeCheck_OBUF[4]_inst_i_2_n_0
    SLICE_X64Y45         LUT6 (Prop_lut6_I5_O)        0.124     7.313 f  machine/OpCodeCheck_OBUF[0]_inst_i_1/O
                         net (fo=11, routed)          1.048     8.360    ALU/OpCodeCheck_OBUF[0]
    SLICE_X60Y46         LUT4 (Prop_lut4_I0_O)        0.150     8.510 f  ALU/result_inferred__0/i___0/O
                         net (fo=1, routed)           0.452     8.963    ALU/result_inferred__0/i___0_n_0
    SLICE_X60Y46         LUT4 (Prop_lut4_I1_O)        0.328     9.291 r  ALU/result_inferred__0/i___3/O
                         net (fo=8, routed)           0.665     9.956    machine/result_reg[1]
    SLICE_X60Y47         LUT5 (Prop_lut5_I0_O)        0.124    10.080 r  machine/result[2]_i_1/O
                         net (fo=2, routed)           0.633    10.712    ALU/D[2]
    SLICE_X60Y44         FDCE                                         r  ALU/result_reg[2]/D
  -------------------------------------------------------------------    -------------------

                         (clock sys_clk_pin rise edge)
                                                     10.000    10.000 r  <hidden>
    W5                                                0.000    10.000 r  clk
                         net (fo=0)                   0.000    10.000    clk
    W5                   IBUF (Prop_ibuf_I_O)         1.388    11.388 r  clk_IBUF_inst/O
                         net (fo=1, routed)           1.862    13.250    clk_IBUF
    BUFGCTRL_X0Y0        BUFG (Prop_bufg_I_O)         0.091    13.341 r  clk_IBUF_BUFG_inst/O
                         net (fo=58, routed)          1.518    14.859    ALU/CLK
    SLICE_X60Y44         FDCE                                         r  ALU/result_reg[2]/C
                         clock pessimism              0.260    15.119    <hidden>
                         clock uncertainty           -0.035    15.084    <hidden>
    SLICE_X60Y44         FDCE (Setup_fdce_C_D)       -0.031    15.053    ALU/result_reg[2]
  -------------------------------------------------------------------
                         required time                         15.053    <hidden>
                         arrival time                         -10.712    <hidden>
  -------------------------------------------------------------------
                         slack                                  4.341    <hidden>

Slack (MET) :             4.362ns  (required time - arrival time)
  Source:                 machine/FSM_onehot_current_state_reg[2]/C
                            (rising edge-triggered cell FDCE clocked by sys_clk_pin  {rise@0.000ns fall@5.000ns period=10.000ns})
  Destination:            ALU/result_reg[4]/D
                            (rising edge-triggered cell FDCE clocked by sys_clk_pin  {rise@0.000ns fall@5.000ns period=10.000ns})
  Path Group:             sys_clk_pin
  Path Type:              Setup (Max at Slow Process Corner)
  Requirement:            10.000ns  (sys_clk_pin rise@10.000ns - sys_clk_pin rise@0.000ns)
  Data Path Delay:        5.482ns  (logic 1.306ns (23.825%)  route 4.176ns (76.175%))
  Logic Levels:           5  (LUT4=2 LUT5=1 LUT6=2)
  Clock Path Skew:        -0.040ns (DCD - SCD + CPR)
    Destination Clock Delay (DCD):    4.859ns = ( 14.859 - 10.000 ) 
    Source Clock Delay      (SCD):    5.159ns
    Clock Pessimism Removal (CPR):    0.260ns
  Clock Uncertainty:      0.035ns  ((TSJ^2 + TIJ^2)^1/2 + DJ) / 2 + PE
    Total System Jitter     (TSJ):    0.071ns
    Total Input Jitter      (TIJ):    0.000ns
    Discrete Jitter          (DJ):    0.000ns
    Phase Error              (PE):    0.000ns

    Location             Delay type                Incr(ns)  Path(ns)    Netlist Resource(s)
  -------------------------------------------------------------------    -------------------
                         (clock sys_clk_pin rise edge)
                                                      0.000     0.000 r  <hidden>
    W5                                                0.000     0.000 r  clk
                         net (fo=0)                   0.000     0.000    clk
    W5                   IBUF (Prop_ibuf_I_O)         1.458     1.458 r  clk_IBUF_inst/O
                         net (fo=1, routed)           1.967     3.425    clk_IBUF
    BUFGCTRL_X0Y0        BUFG (Prop_bufg_I_O)         0.096     3.521 r  clk_IBUF_BUFG_inst/O
                         net (fo=58, routed)          1.638     5.159    machine/CLK
    SLICE_X63Y46         FDCE                                         r  machine/FSM_onehot_current_state_reg[2]/C
  -------------------------------------------------------------------    -------------------
    SLICE_X63Y46         FDCE (Prop_fdce_C_Q)         0.456     5.615 r  machine/FSM_onehot_current_state_reg[2]/Q
                         net (fo=5, routed)           1.032     6.647    machine/FSM_onehot_current_state_reg_n_0_[2]
    SLICE_X63Y45         LUT6 (Prop_lut6_I3_O)        0.124     6.771 f  machine/OpCodeCheck_OBUF[4]_inst_i_2/O
                         net (fo=2, routed)           0.418     7.189    machine/OpCodeCheck_OBUF[4]_inst_i_2_n_0
    SLICE_X64Y45         LUT6 (Prop_lut6_I5_O)        0.124     7.313 f  machine/OpCodeCheck_OBUF[0]_inst_i_1/O
                         net (fo=11, routed)          1.048     8.360    ALU/OpCodeCheck_OBUF[0]
    SLICE_X60Y46         LUT4 (Prop_lut4_I0_O)        0.150     8.510 f  ALU/result_inferred__0/i___0/O
                         net (fo=1, routed)           0.452     8.963    ALU/result_inferred__0/i___0_n_0
    SLICE_X60Y46         LUT4 (Prop_lut4_I1_O)        0.328     9.291 r  ALU/result_inferred__0/i___3/O
                         net (fo=8, routed)           0.668     9.958    machine/result_reg[1]
    SLICE_X61Y47         LUT5 (Prop_lut5_I0_O)        0.124    10.082 r  machine/result[4]_i_1/O
                         net (fo=2, routed)           0.559    10.641    ALU/D[4]
    SLICE_X61Y45         FDCE                                         r  ALU/result_reg[4]/D
  -------------------------------------------------------------------    -------------------

                         (clock sys_clk_pin rise edge)
                                                     10.000    10.000 r  <hidden>
    W5                                                0.000    10.000 r  clk
                         net (fo=0)                   0.000    10.000    clk
    W5                   IBUF (Prop_ibuf_I_O)         1.388    11.388 r  clk_IBUF_inst/O
                         net (fo=1, routed)           1.862    13.250    clk_IBUF
    BUFGCTRL_X0Y0        BUFG (Prop_bufg_I_O)         0.091    13.341 r  clk_IBUF_BUFG_inst/O
                         net (fo=58, routed)          1.518    14.859    ALU/CLK
    SLICE_X61Y45         FDCE                                         r  ALU/result_reg[4]/C
                         clock pessimism              0.260    15.119    <hidden>
                         clock uncertainty           -0.035    15.084    <hidden>
    SLICE_X61Y45         FDCE (Setup_fdce_C_D)       -0.081    15.003    ALU/result_reg[4]
  -------------------------------------------------------------------
                         required time                         15.003    <hidden>
                         arrival time                         -10.641    <hidden>
  -------------------------------------------------------------------
                         slack                                  4.362    <hidden>

Slack (MET) :             4.418ns  (required time - arrival time)
  Source:                 machine/FSM_onehot_current_state_reg[2]/C
                            (rising edge-triggered cell FDCE clocked by sys_clk_pin  {rise@0.000ns fall@5.000ns period=10.000ns})
  Destination:            ALU/result_reg[3]_lopt_replica/D
                            (rising edge-triggered cell FDCE clocked by sys_clk_pin  {rise@0.000ns fall@5.000ns period=10.000ns})
  Path Group:             sys_clk_pin
  Path Type:              Setup (Max at Slow Process Corner)
  Requirement:            10.000ns  (sys_clk_pin rise@10.000ns - sys_clk_pin rise@0.000ns)
  Data Path Delay:        5.361ns  (logic 1.306ns (24.361%)  route 4.055ns (75.639%))
  Logic Levels:           5  (LUT4=2 LUT5=1 LUT6=2)
  Clock Path Skew:        -0.105ns (DCD - SCD + CPR)
    Destination Clock Delay (DCD):    4.794ns = ( 14.794 - 10.000 ) 
    Source Clock Delay      (SCD):    5.159ns
    Clock Pessimism Removal (CPR):    0.260ns
  Clock Uncertainty:      0.035ns  ((TSJ^2 + TIJ^2)^1/2 + DJ) / 2 + PE
    Total System Jitter     (TSJ):    0.071ns
    Total Input Jitter      (TIJ):    0.000ns
    Discrete Jitter          (DJ):    0.000ns
    Phase Error              (PE):    0.000ns

    Location             Delay type                Incr(ns)  Path(ns)    Netlist Resource(s)
  -------------------------------------------------------------------    -------------------
                         (clock sys_clk_pin rise edge)
                                                      0.000     0.000 r  <hidden>
    W5                                                0.000     0.000 r  clk
                         net (fo=0)                   0.000     0.000    clk
    W5                   IBUF (Prop_ibuf_I_O)         1.458     1.458 r  clk_IBUF_inst/O
                         net (fo=1, routed)           1.967     3.425    clk_IBUF
    BUFGCTRL_X0Y0        BUFG (Prop_bufg_I_O)         0.096     3.521 r  clk_IBUF_BUFG_inst/O
                         net (fo=58, routed)          1.638     5.159    machine/CLK
    SLICE_X63Y46         FDCE                                         r  machine/FSM_onehot_current_state_reg[2]/C
  -------------------------------------------------------------------    -------------------
    SLICE_X63Y46         FDCE (Prop_fdce_C_Q)         0.456     5.615 r  machine/FSM_onehot_current_state_reg[2]/Q
                         net (fo=5, routed)           1.032     6.647    machine/FSM_onehot_current_state_reg_n_0_[2]
    SLICE_X63Y45         LUT6 (Prop_lut6_I3_O)        0.124     6.771 f  machine/OpCodeCheck_OBUF[4]_inst_i_2/O
                         net (fo=2, routed)           0.418     7.189    machine/OpCodeCheck_OBUF[4]_inst_i_2_n_0
    SLICE_X64Y45         LUT6 (Prop_lut6_I5_O)        0.124     7.313 f  machine/OpCodeCheck_OBUF[0]_inst_i_1/O
                         net (fo=11, routed)          1.048     8.360    ALU/OpCodeCheck_OBUF[0]
    SLICE_X60Y46         LUT4 (Prop_lut4_I0_O)        0.150     8.510 f  ALU/result_inferred__0/i___0/O
                         net (fo=1, routed)           0.452     8.963    ALU/result_inferred__0/i___0_n_0
    SLICE_X60Y46         LUT4 (Prop_lut4_I1_O)        0.328     9.291 r  ALU/result_inferred__0/i___3/O
                         net (fo=8, routed)           0.397     9.687    machine/result_reg[1]
    SLICE_X61Y46         LUT5 (Prop_lut5_I0_O)        0.124     9.811 r  machine/result[3]_i_1/O
                         net (fo=2, routed)           0.709    10.520    ALU/D[3]
    SLICE_X57Y45         FDCE                                         r  ALU/result_reg[3]_lopt_replica/D
  -------------------------------------------------------------------    -------------------

                         (clock sys_clk_pin rise edge)
                                                     10.000    10.000 r  <hidden>
    W5                                                0.000    10.000 r  clk
                         net (fo=0)                   0.000    10.000    clk
    W5                   IBUF (Prop_ibuf_I_O)         1.388    11.388 r  clk_IBUF_inst/O
                         net (fo=1, routed)           1.862    13.250    clk_IBUF
    BUFGCTRL_X0Y0        BUFG (Prop_bufg_I_O)         0.091    13.341 r  clk_IBUF_BUFG_inst/O
                         net (fo=58, routed)          1.453    14.794    ALU/CLK
    SLICE_X57Y45         FDCE                                         r  ALU/result_reg[3]_lopt_replica/C
                         clock pessimism              0.260    15.054    <hidden>
                         clock uncertainty           -0.035    15.019    <hidden>
    SLICE_X57Y45         FDCE (Setup_fdce_C_D)       -0.081    14.938    ALU/result_reg[3]_lopt_replica
  -------------------------------------------------------------------
                         required time                         14.938    <hidden>
                         arrival time                         -10.520    <hidden>
  -------------------------------------------------------------------
                         slack                                  4.418    <hidden>





Min Delay Paths
--------------------------------------------------------------------------------------
Slack (MET) :             0.171ns  (arrival time - required time)
  Source:                 Full_Display/refresh_counter_reg[7]/C
                            (rising edge-triggered cell FDRE clocked by sys_clk_pin  {rise@0.000ns fall@5.000ns period=10.000ns})
  Destination:            Full_Display/refresh_counter_reg[8]/D
                            (rising edge-triggered cell FDRE clocked by sys_clk_pin  {rise@0.000ns fall@5.000ns period=10.000ns})
  Path Group:             sys_clk_pin
  Path Type:              Hold (Min at Fast Process Corner)
  Requirement:            0.000ns  (sys_clk_pin rise@0.000ns - sys_clk_pin rise@0.000ns)
  Data Path Delay:        0.573ns  (logic 0.371ns (64.743%)  route 0.202ns (35.257%))
  Logic Levels:           2  (CARRY4=2)
  Clock Path Skew:        0.268ns (DCD - SCD - CPR)
    Destination Clock Delay (DCD):    1.990ns
    Source Clock Delay      (SCD):    1.478ns
    Clock Pessimism Removal (CPR):    0.244ns

    Location             Delay type                Incr(ns)  Path(ns)    Netlist Resource(s)
  -------------------------------------------------------------------    -------------------
                         (clock sys_clk_pin rise edge)
                                                      0.000     0.000 r  <hidden>
    W5                                                0.000     0.000 r  clk
                         net (fo=0)                   0.000     0.000    clk
    W5                   IBUF (Prop_ibuf_I_O)         0.226     0.226 r  clk_IBUF_inst/O
                         net (fo=1, routed)           0.631     0.858    clk_IBUF
    BUFGCTRL_X0Y0        BUFG (Prop_bufg_I_O)         0.026     0.884 r  clk_IBUF_BUFG_inst/O
                         net (fo=58, routed)          0.595     1.478    Full_Display/CLK
    SLICE_X60Y49         FDRE                                         r  Full_Display/refresh_counter_reg[7]/C
  -------------------------------------------------------------------    -------------------
    SLICE_X60Y49         FDRE (Prop_fdre_C_Q)         0.164     1.642 r  Full_Display/refresh_counter_reg[7]/Q
                         net (fo=1, routed)           0.201     1.843    Full_Display/refresh_counter_reg_n_0_[7]
    SLICE_X60Y49         CARRY4 (Prop_carry4_S[3]_CO[3])
                                                      0.154     1.997 r  Full_Display/refresh_counter_reg[4]_i_1/CO[3]
                         net (fo=1, routed)           0.001     1.998    Full_Display/refresh_counter_reg[4]_i_1_n_0
    SLICE_X60Y50         CARRY4 (Prop_carry4_CI_O[0])
                                                      0.053     2.051 r  Full_Display/refresh_counter_reg[8]_i_1/O[0]
                         net (fo=1, routed)           0.000     2.051    Full_Display/refresh_counter_reg[8]_i_1_n_7
    SLICE_X60Y50         FDRE                                         r  Full_Display/refresh_counter_reg[8]/D
  -------------------------------------------------------------------    -------------------

                         (clock sys_clk_pin rise edge)
                                                      0.000     0.000 r  <hidden>
    W5                                                0.000     0.000 r  clk
                         net (fo=0)                   0.000     0.000    clk
    W5                   IBUF (Prop_ibuf_I_O)         0.414     0.414 r  clk_IBUF_inst/O
                         net (fo=1, routed)           0.685     1.099    clk_IBUF
    BUFGCTRL_X0Y0        BUFG (Prop_bufg_I_O)         0.029     1.128 r  clk_IBUF_BUFG_inst/O
                         net (fo=58, routed)          0.863     1.990    Full_Display/CLK
    SLICE_X60Y50         FDRE                                         r  Full_Display/refresh_counter_reg[8]/C
                         clock pessimism             -0.244     1.746    <hidden>
    SLICE_X60Y50         FDRE (Hold_fdre_C_D)         0.134     1.880    Full_Display/refresh_counter_reg[8]
  -------------------------------------------------------------------
                         required time                         -1.880    <hidden>
                         arrival time                           2.051    <hidden>
  -------------------------------------------------------------------
                         slack                                  0.171    <hidden>

Slack (MET) :             0.184ns  (arrival time - required time)
  Source:                 Full_Display/refresh_counter_reg[7]/C
                            (rising edge-triggered cell FDRE clocked by sys_clk_pin  {rise@0.000ns fall@5.000ns period=10.000ns})
  Destination:            Full_Display/refresh_counter_reg[10]/D
                            (rising edge-triggered cell FDRE clocked by sys_clk_pin  {rise@0.000ns fall@5.000ns period=10.000ns})
  Path Group:             sys_clk_pin
  Path Type:              Hold (Min at Fast Process Corner)
  Requirement:            0.000ns  (sys_clk_pin rise@0.000ns - sys_clk_pin rise@0.000ns)
  Data Path Delay:        0.586ns  (logic 0.384ns (65.525%)  route 0.202ns (34.475%))
  Logic Levels:           2  (CARRY4=2)
  Clock Path Skew:        0.268ns (DCD - SCD - CPR)
    Destination Clock Delay (DCD):    1.990ns
    Source Clock Delay      (SCD):    1.478ns
    Clock Pessimism Removal (CPR):    0.244ns

    Location             Delay type                Incr(ns)  Path(ns)    Netlist Resource(s)
  -------------------------------------------------------------------    -------------------
                         (clock sys_clk_pin rise edge)
                                                      0.000     0.000 r  <hidden>
    W5                                                0.000     0.000 r  clk
                         net (fo=0)                   0.000     0.000    clk
    W5                   IBUF (Prop_ibuf_I_O)         0.226     0.226 r  clk_IBUF_inst/O
                         net (fo=1, routed)           0.631     0.858    clk_IBUF
    BUFGCTRL_X0Y0        BUFG (Prop_bufg_I_O)         0.026     0.884 r  clk_IBUF_BUFG_inst/O
                         net (fo=58, routed)          0.595     1.478    Full_Display/CLK
    SLICE_X60Y49         FDRE                                         r  Full_Display/refresh_counter_reg[7]/C
  -------------------------------------------------------------------    -------------------
    SLICE_X60Y49         FDRE (Prop_fdre_C_Q)         0.164     1.642 r  Full_Display/refresh_counter_reg[7]/Q
                         net (fo=1, routed)           0.201     1.843    Full_Display/refresh_counter_reg_n_0_[7]
    SLICE_X60Y49         CARRY4 (Prop_carry4_S[3]_CO[3])
                                                      0.154     1.997 r  Full_Display/refresh_counter_reg[4]_i_1/CO[3]
                         net (fo=1, routed)           0.001     1.998    Full_Display/refresh_counter_reg[4]_i_1_n_0
    SLICE_X60Y50         CARRY4 (Prop_carry4_CI_O[2])
                                                      0.066     2.064 r  Full_Display/refresh_counter_reg[8]_i_1/O[2]
                         net (fo=1, routed)           0.000     2.064    Full_Display/refresh_counter_reg[8]_i_1_n_5
    SLICE_X60Y50         FDRE                                         r  Full_Display/refresh_counter_reg[10]/D
  -------------------------------------------------------------------    -------------------

                         (clock sys_clk_pin rise edge)
                                                      0.000     0.000 r  <hidden>
    W5                                                0.000     0.000 r  clk
                         net (fo=0)                   0.000     0.000    clk
    W5                   IBUF (Prop_ibuf_I_O)         0.414     0.414 r  clk_IBUF_inst/O
                         net (fo=1, routed)           0.685     1.099    clk_IBUF
    BUFGCTRL_X0Y0        BUFG (Prop_bufg_I_O)         0.029     1.128 r  clk_IBUF_BUFG_inst/O
                         net (fo=58, routed)          0.863     1.990    Full_Display/CLK
    SLICE_X60Y50         FDRE                                         r  Full_Display/refresh_counter_reg[10]/C
                         clock pessimism             -0.244     1.746    <hidden>
    SLICE_X60Y50         FDRE (Hold_fdre_C_D)         0.134     1.880    Full_Display/refresh_counter_reg[10]
  -------------------------------------------------------------------
                         required time                         -1.880    <hidden>
                         arrival time                           2.064    <hidden>
  -------------------------------------------------------------------
                         slack                                  0.184    <hidden>

Slack (MET) :             0.197ns  (arrival time - required time)
  Source:                 machine/FSM_onehot_current_state_reg[3]/C
                            (rising edge-triggered cell FDCE clocked by sys_clk_pin  {rise@0.000ns fall@5.000ns period=10.000ns})
  Destination:            machine/FSM_onehot_current_state_reg[4]/D
                            (rising edge-triggered cell FDCE clocked by sys_clk_pin  {rise@0.000ns fall@5.000ns period=10.000ns})
  Path Group:             sys_clk_pin
  Path Type:              Hold (Min at Fast Process Corner)
  Requirement:            0.000ns  (sys_clk_pin rise@0.000ns - sys_clk_pin rise@0.000ns)
  Data Path Delay:        0.280ns  (logic 0.141ns (50.339%)  route 0.139ns (49.661%))
  Logic Levels:           0  
  Clock Path Skew:        0.013ns (DCD - SCD - CPR)
    Destination Clock Delay (DCD):    1.993ns
    Source Clock Delay      (SCD):    1.478ns
    Clock Pessimism Removal (CPR):    0.502ns

    Location             Delay type                Incr(ns)  Path(ns)    Netlist Resource(s)
  -------------------------------------------------------------------    -------------------
                         (clock sys_clk_pin rise edge)
                                                      0.000     0.000 r  <hidden>
    W5                                                0.000     0.000 r  clk
                         net (fo=0)                   0.000     0.000    clk
    W5                   IBUF (Prop_ibuf_I_O)         0.226     0.226 r  clk_IBUF_inst/O
                         net (fo=1, routed)           0.631     0.858    clk_IBUF
    BUFGCTRL_X0Y0        BUFG (Prop_bufg_I_O)         0.026     0.884 r  clk_IBUF_BUFG_inst/O
                         net (fo=58, routed)          0.595     1.478    machine/CLK
    SLICE_X63Y46         FDCE                                         r  machine/FSM_onehot_current_state_reg[3]/C
  -------------------------------------------------------------------    -------------------
    SLICE_X63Y46         FDCE (Prop_fdce_C_Q)         0.141     1.619 r  machine/FSM_onehot_current_state_reg[3]/Q
                         net (fo=5, routed)           0.139     1.758    machine/FSM_onehot_current_state_reg_n_0_[3]
    SLICE_X62Y46         FDCE                                         r  machine/FSM_onehot_current_state_reg[4]/D
  -------------------------------------------------------------------    -------------------

                         (clock sys_clk_pin rise edge)
                                                      0.000     0.000 r  <hidden>
    W5                                                0.000     0.000 r  clk
                         net (fo=0)                   0.000     0.000    clk
    W5                   IBUF (Prop_ibuf_I_O)         0.414     0.414 r  clk_IBUF_inst/O
                         net (fo=1, routed)           0.685     1.099    clk_IBUF
    BUFGCTRL_X0Y0        BUFG (Prop_bufg_I_O)         0.029     1.128 r  clk_IBUF_BUFG_inst/O
                         net (fo=58, routed)          0.866     1.993    machine/CLK
    SLICE_X62Y46         FDCE                                         r  machine/FSM_onehot_current_state_reg[4]/C
                         clock pessimism             -0.502     1.491    <hidden>
    SLICE_X62Y46         FDCE (Hold_fdce_C_D)         0.070     1.561    machine/FSM_onehot_current_state_reg[4]
  -------------------------------------------------------------------
                         required time                         -1.561    <hidden>
                         arrival time                           1.758    <hidden>
  -------------------------------------------------------------------
                         slack                                  0.197    <hidden>

Slack (MET) :             0.207ns  (arrival time - required time)
  Source:                 Full_Display/refresh_counter_reg[7]/C
                            (rising edge-triggered cell FDRE clocked by sys_clk_pin  {rise@0.000ns fall@5.000ns period=10.000ns})
  Destination:            Full_Display/refresh_counter_reg[9]/D
                            (rising edge-triggered cell FDRE clocked by sys_clk_pin  {rise@0.000ns fall@5.000ns period=10.000ns})
  Path Group:             sys_clk_pin
  Path Type:              Hold (Min at Fast Process Corner)
  Requirement:            0.000ns  (sys_clk_pin rise@0.000ns - sys_clk_pin rise@0.000ns)
  Data Path Delay:        0.609ns  (logic 0.407ns (66.827%)  route 0.202ns (33.173%))
  Logic Levels:           2  (CARRY4=2)
  Clock Path Skew:        0.268ns (DCD - SCD - CPR)
    Destination Clock Delay (DCD):    1.990ns
    Source Clock Delay      (SCD):    1.478ns
    Clock Pessimism Removal (CPR):    0.244ns

    Location             Delay type                Incr(ns)  Path(ns)    Netlist Resource(s)
  -------------------------------------------------------------------    -------------------
                         (clock sys_clk_pin rise edge)
                                                      0.000     0.000 r  <hidden>
    W5                                                0.000     0.000 r  clk
                         net (fo=0)                   0.000     0.000    clk
    W5                   IBUF (Prop_ibuf_I_O)         0.226     0.226 r  clk_IBUF_inst/O
                         net (fo=1, routed)           0.631     0.858    clk_IBUF
    BUFGCTRL_X0Y0        BUFG (Prop_bufg_I_O)         0.026     0.884 r  clk_IBUF_BUFG_inst/O
                         net (fo=58, routed)          0.595     1.478    Full_Display/CLK
    SLICE_X60Y49         FDRE                                         r  Full_Display/refresh_counter_reg[7]/C
  -------------------------------------------------------------------    -------------------
    SLICE_X60Y49         FDRE (Prop_fdre_C_Q)         0.164     1.642 r  Full_Display/refresh_counter_reg[7]/Q
                         net (fo=1, routed)           0.201     1.843    Full_Display/refresh_counter_reg_n_0_[7]
    SLICE_X60Y49         CARRY4 (Prop_carry4_S[3]_CO[3])
                                                      0.154     1.997 r  Full_Display/refresh_counter_reg[4]_i_1/CO[3]
                         net (fo=1, routed)           0.001     1.998    Full_Display/refresh_counter_reg[4]_i_1_n_0
    SLICE_X60Y50         CARRY4 (Prop_carry4_CI_O[1])
                                                      0.089     2.087 r  Full_Display/refresh_counter_reg[8]_i_1/O[1]
                         net (fo=1, routed)           0.000     2.087    Full_Display/refresh_counter_reg[8]_i_1_n_6
    SLICE_X60Y50         FDRE                                         r  Full_Display/refresh_counter_reg[9]/D
  -------------------------------------------------------------------    -------------------

                         (clock sys_clk_pin rise edge)
                                                      0.000     0.000 r  <hidden>
    W5                                                0.000     0.000 r  clk
                         net (fo=0)                   0.000     0.000    clk
    W5                   IBUF (Prop_ibuf_I_O)         0.414     0.414 r  clk_IBUF_inst/O
                         net (fo=1, routed)           0.685     1.099    clk_IBUF
    BUFGCTRL_X0Y0        BUFG (Prop_bufg_I_O)         0.029     1.128 r  clk_IBUF_BUFG_inst/O
                         net (fo=58, routed)          0.863     1.990    Full_Display/CLK
    SLICE_X60Y50         FDRE                                         r  Full_Display/refresh_counter_reg[9]/C
                         clock pessimism             -0.244     1.746    <hidden>
    SLICE_X60Y50         FDRE (Hold_fdre_C_D)         0.134     1.880    Full_Display/refresh_counter_reg[9]
  -------------------------------------------------------------------
                         required time                         -1.880    <hidden>
                         arrival time                           2.087    <hidden>
  -------------------------------------------------------------------
                         slack                                  0.207    <hidden>

Slack (MET) :             0.209ns  (arrival time - required time)
  Source:                 Full_Display/refresh_counter_reg[7]/C
                            (rising edge-triggered cell FDRE clocked by sys_clk_pin  {rise@0.000ns fall@5.000ns period=10.000ns})
  Destination:            Full_Display/refresh_counter_reg[11]/D
                            (rising edge-triggered cell FDRE clocked by sys_clk_pin  {rise@0.000ns fall@5.000ns period=10.000ns})
  Path Group:             sys_clk_pin
  Path Type:              Hold (Min at Fast Process Corner)
  Requirement:            0.000ns  (sys_clk_pin rise@0.000ns - sys_clk_pin rise@0.000ns)
  Data Path Delay:        0.611ns  (logic 0.409ns (66.936%)  route 0.202ns (33.064%))
  Logic Levels:           2  (CARRY4=2)
  Clock Path Skew:        0.268ns (DCD - SCD - CPR)
    Destination Clock Delay (DCD):    1.990ns
    Source Clock Delay      (SCD):    1.478ns
    Clock Pessimism Removal (CPR):    0.244ns

    Location             Delay type                Incr(ns)  Path(ns)    Netlist Resource(s)
  -------------------------------------------------------------------    -------------------
                         (clock sys_clk_pin rise edge)
                                                      0.000     0.000 r  <hidden>
    W5                                                0.000     0.000 r  clk
                         net (fo=0)                   0.000     0.000    clk
    W5                   IBUF (Prop_ibuf_I_O)         0.226     0.226 r  clk_IBUF_inst/O
                         net (fo=1, routed)           0.631     0.858    clk_IBUF
    BUFGCTRL_X0Y0        BUFG (Prop_bufg_I_O)         0.026     0.884 r  clk_IBUF_BUFG_inst/O
                         net (fo=58, routed)          0.595     1.478    Full_Display/CLK
    SLICE_X60Y49         FDRE                                         r  Full_Display/refresh_counter_reg[7]/C
  -------------------------------------------------------------------    -------------------
    SLICE_X60Y49         FDRE (Prop_fdre_C_Q)         0.164     1.642 r  Full_Display/refresh_counter_reg[7]/Q
                         net (fo=1, routed)           0.201     1.843    Full_Display/refresh_counter_reg_n_0_[7]
    SLICE_X60Y49         CARRY4 (Prop_carry4_S[3]_CO[3])
                                                      0.154     1.997 r  Full_Display/refresh_counter_reg[4]_i_1/CO[3]
                         net (fo=1, routed)           0.001     1.998    Full_Display/refresh_counter_reg[4]_i_1_n_0
    SLICE_X60Y50         CARRY4 (Prop_carry4_CI_O[3])
                                                      0.091     2.089 r  Full_Display/refresh_counter_reg[8]_i_1/O[3]
                         net (fo=1, routed)           0.000     2.089    Full_Display/refresh_counter_reg[8]_i_1_n_4
    SLICE_X60Y50         FDRE                                         r  Full_Display/refresh_counter_reg[11]/D
  -------------------------------------------------------------------    -------------------

                         (clock sys_clk_pin rise edge)
                                                      0.000     0.000 r  <hidden>
    W5                                                0.000     0.000 r  clk
                         net (fo=0)                   0.000     0.000    clk
    W5                   IBUF (Prop_ibuf_I_O)         0.414     0.414 r  clk_IBUF_inst/O
                         net (fo=1, routed)           0.685     1.099    clk_IBUF
    BUFGCTRL_X0Y0        BUFG (Prop_bufg_I_O)         0.029     1.128 r  clk_IBUF_BUFG_inst/O
                         net (fo=58, routed)          0.863     1.990    Full_Display/CLK
    SLICE_X60Y50         FDRE                                         r  Full_Display/refresh_counter_reg[11]/C
                         clock pessimism             -0.244     1.746    <hidden>
    SLICE_X60Y50         FDRE (Hold_fdre_C_D)         0.134     1.880    Full_Display/refresh_counter_reg[11]
  -------------------------------------------------------------------
                         required time                         -1.880    <hidden>
                         arrival time                           2.089    <hidden>
  -------------------------------------------------------------------
                         slack                                  0.209    <hidden>

Slack (MET) :             0.211ns  (arrival time - required time)
  Source:                 Full_Display/refresh_counter_reg[7]/C
                            (rising edge-triggered cell FDRE clocked by sys_clk_pin  {rise@0.000ns fall@5.000ns period=10.000ns})
  Destination:            Full_Display/refresh_counter_reg[12]/D
                            (rising edge-triggered cell FDRE clocked by sys_clk_pin  {rise@0.000ns fall@5.000ns period=10.000ns})
  Path Group:             sys_clk_pin
  Path Type:              Hold (Min at Fast Process Corner)
  Requirement:            0.000ns  (sys_clk_pin rise@0.000ns - sys_clk_pin rise@0.000ns)
  Data Path Delay:        0.613ns  (logic 0.411ns (67.044%)  route 0.202ns (32.956%))
  Logic Levels:           3  (CARRY4=3)
  Clock Path Skew:        0.268ns (DCD - SCD - CPR)
    Destination Clock Delay (DCD):    1.990ns
    Source Clock Delay      (SCD):    1.478ns
    Clock Pessimism Removal (CPR):    0.244ns

    Location             Delay type                Incr(ns)  Path(ns)    Netlist Resource(s)
  -------------------------------------------------------------------    -------------------
                         (clock sys_clk_pin rise edge)
                                                      0.000     0.000 r  <hidden>
    W5                                                0.000     0.000 r  clk
                         net (fo=0)                   0.000     0.000    clk
    W5                   IBUF (Prop_ibuf_I_O)         0.226     0.226 r  clk_IBUF_inst/O
                         net (fo=1, routed)           0.631     0.858    clk_IBUF
    BUFGCTRL_X0Y0        BUFG (Prop_bufg_I_O)         0.026     0.884 r  clk_IBUF_BUFG_inst/O
                         net (fo=58, routed)          0.595     1.478    Full_Display/CLK
    SLICE_X60Y49         FDRE                                         r  Full_Display/refresh_counter_reg[7]/C
  -------------------------------------------------------------------    -------------------
    SLICE_X60Y49         FDRE (Prop_fdre_C_Q)         0.164     1.642 r  Full_Display/refresh_counter_reg[7]/Q
                         net (fo=1, routed)           0.201     1.843    Full_Display/refresh_counter_reg_n_0_[7]
    SLICE_X60Y49         CARRY4 (Prop_carry4_S[3]_CO[3])
                                                      0.154     1.997 r  Full_Display/refresh_counter_reg[4]_i_1/CO[3]
                         net (fo=1, routed)           0.001     1.998    Full_Display/refresh_counter_reg[4]_i_1_n_0
    SLICE_X60Y50         CARRY4 (Prop_carry4_CI_CO[3])
                                                      0.040     2.038 r  Full_Display/refresh_counter_reg[8]_i_1/CO[3]
                         net (fo=1, routed)           0.000     2.038    Full_Display/refresh_counter_reg[8]_i_1_n_0
    SLICE_X60Y51         CARRY4 (Prop_carry4_CI_O[0])
                                                      0.053     2.091 r  Full_Display/refresh_counter_reg[12]_i_1/O[0]
                         net (fo=1, routed)           0.000     2.091    Full_Display/refresh_counter_reg[12]_i_1_n_7
    SLICE_X60Y51         FDRE                                         r  Full_Display/refresh_counter_reg[12]/D
  -------------------------------------------------------------------    -------------------

                         (clock sys_clk_pin rise edge)
                                                      0.000     0.000 r  <hidden>
    W5                                                0.000     0.000 r  clk
                         net (fo=0)                   0.000     0.000    clk
    W5                   IBUF (Prop_ibuf_I_O)         0.414     0.414 r  clk_IBUF_inst/O
                         net (fo=1, routed)           0.685     1.099    clk_IBUF
    BUFGCTRL_X0Y0        BUFG (Prop_bufg_I_O)         0.029     1.128 r  clk_IBUF_BUFG_inst/O
                         net (fo=58, routed)          0.863     1.990    Full_Display/CLK
    SLICE_X60Y51         FDRE                                         r  Full_Display/refresh_counter_reg[12]/C
                         clock pessimism             -0.244     1.746    <hidden>
    SLICE_X60Y51         FDRE (Hold_fdre_C_D)         0.134     1.880    Full_Display/refresh_counter_reg[12]
  -------------------------------------------------------------------
                         required time                         -1.880    <hidden>
                         arrival time                           2.091    <hidden>
  -------------------------------------------------------------------
                         slack                                  0.211    <hidden>

Slack (MET) :             0.224ns  (arrival time - required time)
  Source:                 Full_Display/refresh_counter_reg[7]/C
                            (rising edge-triggered cell FDRE clocked by sys_clk_pin  {rise@0.000ns fall@5.000ns period=10.000ns})
  Destination:            Full_Display/refresh_counter_reg[14]/D
                            (rising edge-triggered cell FDRE clocked by sys_clk_pin  {rise@0.000ns fall@5.000ns period=10.000ns})
  Path Group:             sys_clk_pin
  Path Type:              Hold (Min at Fast Process Corner)
  Requirement:            0.000ns  (sys_clk_pin rise@0.000ns - sys_clk_pin rise@0.000ns)
  Data Path Delay:        0.626ns  (logic 0.424ns (67.728%)  route 0.202ns (32.272%))
  Logic Levels:           3  (CARRY4=3)
  Clock Path Skew:        0.268ns (DCD - SCD - CPR)
    Destination Clock Delay (DCD):    1.990ns
    Source Clock Delay      (SCD):    1.478ns
    Clock Pessimism Removal (CPR):    0.244ns

    Location             Delay type                Incr(ns)  Path(ns)    Netlist Resource(s)
  -------------------------------------------------------------------    -------------------
                         (clock sys_clk_pin rise edge)
                                                      0.000     0.000 r  <hidden>
    W5                                                0.000     0.000 r  clk
                         net (fo=0)                   0.000     0.000    clk
    W5                   IBUF (Prop_ibuf_I_O)         0.226     0.226 r  clk_IBUF_inst/O
                         net (fo=1, routed)           0.631     0.858    clk_IBUF
    BUFGCTRL_X0Y0        BUFG (Prop_bufg_I_O)         0.026     0.884 r  clk_IBUF_BUFG_inst/O
                         net (fo=58, routed)          0.595     1.478    Full_Display/CLK
    SLICE_X60Y49         FDRE                                         r  Full_Display/refresh_counter_reg[7]/C
  -------------------------------------------------------------------    -------------------
    SLICE_X60Y49         FDRE (Prop_fdre_C_Q)         0.164     1.642 r  Full_Display/refresh_counter_reg[7]/Q
                         net (fo=1, routed)           0.201     1.843    Full_Display/refresh_counter_reg_n_0_[7]
    SLICE_X60Y49         CARRY4 (Prop_carry4_S[3]_CO[3])
                                                      0.154     1.997 r  Full_Display/refresh_counter_reg[4]_i_1/CO[3]
                         net (fo=1, routed)           0.001     1.998    Full_Display/refresh_counter_reg[4]_i_1_n_0
    SLICE_X60Y50         CARRY4 (Prop_carry4_CI_CO[3])
                                                      0.040     2.038 r  Full_Display/refresh_counter_reg[8]_i_1/CO[3]
                         net (fo=1, routed)           0.000     2.038    Full_Display/refresh_counter_reg[8]_i_1_n_0
    SLICE_X60Y51         CARRY4 (Prop_carry4_CI_O[2])
                                                      0.066     2.104 r  Full_Display/refresh_counter_reg[12]_i_1/O[2]
                         net (fo=1, routed)           0.000     2.104    Full_Display/refresh_counter_reg[12]_i_1_n_5
    SLICE_X60Y51         FDRE                                         r  Full_Display/refresh_counter_reg[14]/D
  -------------------------------------------------------------------    -------------------

                         (clock sys_clk_pin rise edge)
                                                      0.000     0.000 r  <hidden>
    W5                                                0.000     0.000 r  clk
                         net (fo=0)                   0.000     0.000    clk
    W5                   IBUF (Prop_ibuf_I_O)         0.414     0.414 r  clk_IBUF_inst/O
                         net (fo=1, routed)           0.685     1.099    clk_IBUF
    BUFGCTRL_X0Y0        BUFG (Prop_bufg_I_O)         0.029     1.128 r  clk_IBUF_BUFG_inst/O
                         net (fo=58, routed)          0.863     1.990    Full_Display/CLK
    SLICE_X60Y51         FDRE                                         r  Full_Display/refresh_counter_reg[14]/C
                         clock pessimism             -0.244     1.746    <hidden>
    SLICE_X60Y51         FDRE (Hold_fdre_C_D)         0.134     1.880    Full_Display/refresh_counter_reg[14]
  -------------------------------------------------------------------
                         required time                         -1.880    <hidden>
                         arrival time                           2.104    <hidden>
  -------------------------------------------------------------------
                         slack                                  0.224    <hidden>

Slack (MET) :             0.245ns  (arrival time - required time)
  Source:                 machine/FSM_onehot_current_state_reg[0]/C
                            (rising edge-triggered cell FDPE clocked by sys_clk_pin  {rise@0.000ns fall@5.000ns period=10.000ns})
  Destination:            machine/FSM_onehot_current_state_reg[1]/D
                            (rising edge-triggered cell FDCE clocked by sys_clk_pin  {rise@0.000ns fall@5.000ns period=10.000ns})
  Path Group:             sys_clk_pin
  Path Type:              Hold (Min at Fast Process Corner)
  Requirement:            0.000ns  (sys_clk_pin rise@0.000ns - sys_clk_pin rise@0.000ns)
  Data Path Delay:        0.311ns  (logic 0.141ns (45.298%)  route 0.170ns (54.702%))
  Logic Levels:           0  
  Clock Path Skew:        0.000ns (DCD - SCD - CPR)
    Destination Clock Delay (DCD):    1.993ns
    Source Clock Delay      (SCD):    1.478ns
    Clock Pessimism Removal (CPR):    0.515ns

    Location             Delay type                Incr(ns)  Path(ns)    Netlist Resource(s)
  -------------------------------------------------------------------    -------------------
                         (clock sys_clk_pin rise edge)
                                                      0.000     0.000 r  <hidden>
    W5                                                0.000     0.000 r  clk
                         net (fo=0)                   0.000     0.000    clk
    W5                   IBUF (Prop_ibuf_I_O)         0.226     0.226 r  clk_IBUF_inst/O
                         net (fo=1, routed)           0.631     0.858    clk_IBUF
    BUFGCTRL_X0Y0        BUFG (Prop_bufg_I_O)         0.026     0.884 r  clk_IBUF_BUFG_inst/O
                         net (fo=58, routed)          0.595     1.478    machine/CLK
    SLICE_X63Y46         FDPE                                         r  machine/FSM_onehot_current_state_reg[0]/C
  -------------------------------------------------------------------    -------------------
    SLICE_X63Y46         FDPE (Prop_fdpe_C_Q)         0.141     1.619 r  machine/FSM_onehot_current_state_reg[0]/Q
                         net (fo=1, routed)           0.170     1.789    machine/FSM_onehot_current_state_reg_n_0_[0]
    SLICE_X63Y46         FDCE                                         r  machine/FSM_onehot_current_state_reg[1]/D
  -------------------------------------------------------------------    -------------------

                         (clock sys_clk_pin rise edge)
                                                      0.000     0.000 r  <hidden>
    W5                                                0.000     0.000 r  clk
                         net (fo=0)                   0.000     0.000    clk
    W5                   IBUF (Prop_ibuf_I_O)         0.414     0.414 r  clk_IBUF_inst/O
                         net (fo=1, routed)           0.685     1.099    clk_IBUF
    BUFGCTRL_X0Y0        BUFG (Prop_bufg_I_O)         0.029     1.128 r  clk_IBUF_BUFG_inst/O
                         net (fo=58, routed)          0.866     1.993    machine/CLK
    SLICE_X63Y46         FDCE                                         r  machine/FSM_onehot_current_state_reg[1]/C
                         clock pessimism             -0.515     1.478    <hidden>
    SLICE_X63Y46         FDCE (Hold_fdce_C_D)         0.066     1.544    machine/FSM_onehot_current_state_reg[1]
  -------------------------------------------------------------------
                         required time                         -1.544    <hidden>
                         arrival time                           1.789    <hidden>
  -------------------------------------------------------------------
                         slack                                  0.245    <hidden>

Slack (MET) :             0.247ns  (arrival time - required time)
  Source:                 Full_Display/refresh_counter_reg[7]/C
                            (rising edge-triggered cell FDRE clocked by sys_clk_pin  {rise@0.000ns fall@5.000ns period=10.000ns})
  Destination:            Full_Display/refresh_counter_reg[13]/D
                            (rising edge-triggered cell FDRE clocked by sys_clk_pin  {rise@0.000ns fall@5.000ns period=10.000ns})
  Path Group:             sys_clk_pin
  Path Type:              Hold (Min at Fast Process Corner)
  Requirement:            0.000ns  (sys_clk_pin rise@0.000ns - sys_clk_pin rise@0.000ns)
  Data Path Delay:        0.649ns  (logic 0.447ns (68.872%)  route 0.202ns (31.128%))
  Logic Levels:           3  (CARRY4=3)
  Clock Path Skew:        0.268ns (DCD - SCD - CPR)
    Destination Clock Delay (DCD):    1.990ns
    Source Clock Delay      (SCD):    1.478ns
    Clock Pessimism Removal (CPR):    0.244ns

    Location             Delay type                Incr(ns)  Path(ns)    Netlist Resource(s)
  -------------------------------------------------------------------    -------------------
                         (clock sys_clk_pin rise edge)
                                                      0.000     0.000 r  <hidden>
    W5                                                0.000     0.000 r  clk
                         net (fo=0)                   0.000     0.000    clk
    W5                   IBUF (Prop_ibuf_I_O)         0.226     0.226 r  clk_IBUF_inst/O
                         net (fo=1, routed)           0.631     0.858    clk_IBUF
    BUFGCTRL_X0Y0        BUFG (Prop_bufg_I_O)         0.026     0.884 r  clk_IBUF_BUFG_inst/O
                         net (fo=58, routed)          0.595     1.478    Full_Display/CLK
    SLICE_X60Y49         FDRE                                         r  Full_Display/refresh_counter_reg[7]/C
  -------------------------------------------------------------------    -------------------
    SLICE_X60Y49         FDRE (Prop_fdre_C_Q)         0.164     1.642 r  Full_Display/refresh_counter_reg[7]/Q
                         net (fo=1, routed)           0.201     1.843    Full_Display/refresh_counter_reg_n_0_[7]
    SLICE_X60Y49         CARRY4 (Prop_carry4_S[3]_CO[3])
                                                      0.154     1.997 r  Full_Display/refresh_counter_reg[4]_i_1/CO[3]
                         net (fo=1, routed)           0.001     1.998    Full_Display/refresh_counter_reg[4]_i_1_n_0
    SLICE_X60Y50         CARRY4 (Prop_carry4_CI_CO[3])
                                                      0.040     2.038 r  Full_Display/refresh_counter_reg[8]_i_1/CO[3]
                         net (fo=1, routed)           0.000     2.038    Full_Display/refresh_counter_reg[8]_i_1_n_0
    SLICE_X60Y51         CARRY4 (Prop_carry4_CI_O[1])
                                                      0.089     2.127 r  Full_Display/refresh_counter_reg[12]_i_1/O[1]
                         net (fo=1, routed)           0.000     2.127    Full_Display/refresh_counter_reg[12]_i_1_n_6
    SLICE_X60Y51         FDRE                                         r  Full_Display/refresh_counter_reg[13]/D
  -------------------------------------------------------------------    -------------------

                         (clock sys_clk_pin rise edge)
                                                      0.000     0.000 r  <hidden>
    W5                                                0.000     0.000 r  clk
                         net (fo=0)                   0.000     0.000    clk
    W5                   IBUF (Prop_ibuf_I_O)         0.414     0.414 r  clk_IBUF_inst/O
                         net (fo=1, routed)           0.685     1.099    clk_IBUF
    BUFGCTRL_X0Y0        BUFG (Prop_bufg_I_O)         0.029     1.128 r  clk_IBUF_BUFG_inst/O
                         net (fo=58, routed)          0.863     1.990    Full_Display/CLK
    SLICE_X60Y51         FDRE                                         r  Full_Display/refresh_counter_reg[13]/C
                         clock pessimism             -0.244     1.746    <hidden>
    SLICE_X60Y51         FDRE (Hold_fdre_C_D)         0.134     1.880    Full_Display/refresh_counter_reg[13]
  -------------------------------------------------------------------
                         required time                         -1.880    <hidden>
                         arrival time                           2.127    <hidden>
  -------------------------------------------------------------------
                         slack                                  0.247    <hidden>

Slack (MET) :             0.249ns  (arrival time - required time)
  Source:                 Full_Display/refresh_counter_reg[7]/C
                            (rising edge-triggered cell FDRE clocked by sys_clk_pin  {rise@0.000ns fall@5.000ns period=10.000ns})
  Destination:            Full_Display/refresh_counter_reg[15]/D
                            (rising edge-triggered cell FDRE clocked by sys_clk_pin  {rise@0.000ns fall@5.000ns period=10.000ns})
  Path Group:             sys_clk_pin
  Path Type:              Hold (Min at Fast Process Corner)
  Requirement:            0.000ns  (sys_clk_pin rise@0.000ns - sys_clk_pin rise@0.000ns)
  Data Path Delay:        0.651ns  (logic 0.449ns (68.967%)  route 0.202ns (31.033%))
  Logic Levels:           3  (CARRY4=3)
  Clock Path Skew:        0.268ns (DCD - SCD - CPR)
    Destination Clock Delay (DCD):    1.990ns
    Source Clock Delay      (SCD):    1.478ns
    Clock Pessimism Removal (CPR):    0.244ns

    Location             Delay type                Incr(ns)  Path(ns)    Netlist Resource(s)
  -------------------------------------------------------------------    -------------------
                         (clock sys_clk_pin rise edge)
                                                      0.000     0.000 r  <hidden>
    W5                                                0.000     0.000 r  clk
                         net (fo=0)                   0.000     0.000    clk
    W5                   IBUF (Prop_ibuf_I_O)         0.226     0.226 r  clk_IBUF_inst/O
                         net (fo=1, routed)           0.631     0.858    clk_IBUF
    BUFGCTRL_X0Y0        BUFG (Prop_bufg_I_O)         0.026     0.884 r  clk_IBUF_BUFG_inst/O
                         net (fo=58, routed)          0.595     1.478    Full_Display/CLK
    SLICE_X60Y49         FDRE                                         r  Full_Display/refresh_counter_reg[7]/C
  -------------------------------------------------------------------    -------------------
    SLICE_X60Y49         FDRE (Prop_fdre_C_Q)         0.164     1.642 r  Full_Display/refresh_counter_reg[7]/Q
                         net (fo=1, routed)           0.201     1.843    Full_Display/refresh_counter_reg_n_0_[7]
    SLICE_X60Y49         CARRY4 (Prop_carry4_S[3]_CO[3])
                                                      0.154     1.997 r  Full_Display/refresh_counter_reg[4]_i_1/CO[3]
                         net (fo=1, routed)           0.001     1.998    Full_Display/refresh_counter_reg[4]_i_1_n_0
    SLICE_X60Y50         CARRY4 (Prop_carry4_CI_CO[3])
                                                      0.040     2.038 r  Full_Display/refresh_counter_reg[8]_i_1/CO[3]
                         net (fo=1, routed)           0.000     2.038    Full_Display/refresh_counter_reg[8]_i_1_n_0
    SLICE_X60Y51         CARRY4 (Prop_carry4_CI_O[3])
                                                      0.091     2.129 r  Full_Display/refresh_counter_reg[12]_i_1/O[3]
                         net (fo=1, routed)           0.000     2.129    Full_Display/refresh_counter_reg[12]_i_1_n_4
    SLICE_X60Y51         FDRE                                         r  Full_Display/refresh_counter_reg[15]/D
  -------------------------------------------------------------------    -------------------

                         (clock sys_clk_pin rise edge)
                                                      0.000     0.000 r  <hidden>
    W5                                                0.000     0.000 r  clk
                         net (fo=0)                   0.000     0.000    clk
    W5                   IBUF (Prop_ibuf_I_O)         0.414     0.414 r  clk_IBUF_inst/O
                         net (fo=1, routed)           0.685     1.099    clk_IBUF
    BUFGCTRL_X0Y0        BUFG (Prop_bufg_I_O)         0.029     1.128 r  clk_IBUF_BUFG_inst/O
                         net (fo=58, routed)          0.863     1.990    Full_Display/CLK
    SLICE_X60Y51         FDRE                                         r  Full_Display/refresh_counter_reg[15]/C
                         clock pessimism             -0.244     1.746    <hidden>
    SLICE_X60Y51         FDRE (Hold_fdre_C_D)         0.134     1.880    Full_Display/refresh_counter_reg[15]
  -------------------------------------------------------------------
                         required time                         -1.880    <hidden>
                         arrival time                           2.129    <hidden>
  -------------------------------------------------------------------
                         slack                                  0.249    <hidden>





Pulse Width Checks
--------------------------------------------------------------------------------------
Clock Name:         sys_clk_pin
Waveform(ns):       { 0.000 5.000 }
Period(ns):         10.000
Sources:            { clk }

Check Type        Corner  Lib Pin  Reference Pin  Required(ns)  Actual(ns)  Slack(ns)  Location       Pin
Min Period        n/a     BUFG/I   n/a            2.155         10.000      7.845      BUFGCTRL_X0Y0  clk_IBUF_BUFG_inst/I
Min Period        n/a     FDCE/C   n/a            1.000         10.000      9.000      SLICE_X62Y44   ALU/result_reg[0]/C
Min Period        n/a     FDCE/C   n/a            1.000         10.000      9.000      SLICE_X61Y42   ALU/result_reg[0]_lopt_replica/C
Min Period        n/a     FDCE/C   n/a            1.000         10.000      9.000      SLICE_X60Y45   ALU/result_reg[1]/C
Min Period        n/a     FDCE/C   n/a            1.000         10.000      9.000      SLICE_X57Y45   ALU/result_reg[1]_lopt_replica/C
Min Period        n/a     FDCE/C   n/a            1.000         10.000      9.000      SLICE_X60Y44   ALU/result_reg[2]/C
Min Period        n/a     FDCE/C   n/a            1.000         10.000      9.000      SLICE_X60Y43   ALU/result_reg[2]_lopt_replica/C
Min Period        n/a     FDCE/C   n/a            1.000         10.000      9.000      SLICE_X61Y45   ALU/result_reg[3]/C
Min Period        n/a     FDCE/C   n/a            1.000         10.000      9.000      SLICE_X57Y45   ALU/result_reg[3]_lopt_replica/C
Min Period        n/a     FDCE/C   n/a            1.000         10.000      9.000      SLICE_X61Y45   ALU/result_reg[4]/C
Low Pulse Width   Slow    FDCE/C   n/a            0.500         5.000       4.500      SLICE_X62Y44   ALU/result_reg[0]/C
Low Pulse Width   Fast    FDCE/C   n/a            0.500         5.000       4.500      SLICE_X62Y44   ALU/result_reg[0]/C
Low Pulse Width   Slow    FDCE/C   n/a            0.500         5.000       4.500      SLICE_X61Y42   ALU/result_reg[0]_lopt_replica/C
Low Pulse Width   Fast    FDCE/C   n/a            0.500         5.000       4.500      SLICE_X61Y42   ALU/result_reg[0]_lopt_replica/C
Low Pulse Width   Slow    FDCE/C   n/a            0.500         5.000       4.500      SLICE_X60Y45   ALU/result_reg[1]/C
Low Pulse Width   Fast    FDCE/C   n/a            0.500         5.000       4.500      SLICE_X60Y45   ALU/result_reg[1]/C
Low Pulse Width   Slow    FDCE/C   n/a            0.500         5.000       4.500      SLICE_X57Y45   ALU/result_reg[1]_lopt_replica/C
Low Pulse Width   Fast    FDCE/C   n/a            0.500         5.000       4.500      SLICE_X57Y45   ALU/result_reg[1]_lopt_replica/C
Low Pulse Width   Slow    FDCE/C   n/a            0.500         5.000       4.500      SLICE_X60Y44   ALU/result_reg[2]/C
Low Pulse Width   Fast    FDCE/C   n/a            0.500         5.000       4.500      SLICE_X60Y44   ALU/result_reg[2]/C
High Pulse Width  Slow    FDCE/C   n/a            0.500         5.000       4.500      SLICE_X62Y44   ALU/result_reg[0]/C
High Pulse Width  Fast    FDCE/C   n/a            0.500         5.000       4.500      SLICE_X62Y44   ALU/result_reg[0]/C
High Pulse Width  Slow    FDCE/C   n/a            0.500         5.000       4.500      SLICE_X61Y42   ALU/result_reg[0]_lopt_replica/C
High Pulse Width  Fast    FDCE/C   n/a            0.500         5.000       4.500      SLICE_X61Y42   ALU/result_reg[0]_lopt_replica/C
High Pulse Width  Slow    FDCE/C   n/a            0.500         5.000       4.500      SLICE_X60Y45   ALU/result_reg[1]/C
High Pulse Width  Fast    FDCE/C   n/a            0.500         5.000       4.500      SLICE_X60Y45   ALU/result_reg[1]/C
High Pulse Width  Slow    FDCE/C   n/a            0.500         5.000       4.500      SLICE_X57Y45   ALU/result_reg[1]_lopt_replica/C
High Pulse Width  Fast    FDCE/C   n/a            0.500         5.000       4.500      SLICE_X57Y45   ALU/result_reg[1]_lopt_replica/C
High Pulse Width  Slow    FDCE/C   n/a            0.500         5.000       4.500      SLICE_X60Y44   ALU/result_reg[2]/C
High Pulse Width  Fast    FDCE/C   n/a            0.500         5.000       4.500      SLICE_X60Y44   ALU/result_reg[2]/C



--------------------------------------------------------------------------------------
Path Group:  (none)
From Clock:  
  To Clock:  

Max Delay             8 Endpoints
Min Delay             8 Endpoints
--------------------------------------------------------------------------------------


Max Delay Paths
--------------------------------------------------------------------------------------
Slack:                    inf
  Source:                 Enable_Decoder
                            (input port)
  Destination:            OpCodeCheck[0]
                            (output port)
  Path Group:             (none)
  Path Type:              Max at Slow Process Corner
  Data Path Delay:        14.228ns  (logic 5.079ns (35.700%)  route 9.149ns (64.300%))
  Logic Levels:           3  (IBUF=1 LUT6=1 OBUF=1)

    Location             Delay type                Incr(ns)  Path(ns)    Netlist Resource(s)
  -------------------------------------------------------------------    -------------------
    W19                                               0.000     0.000 r  Enable_Decoder
                         net (fo=0)                   0.000     0.000    Enable_Decoder
    W19                  IBUF (Prop_ibuf_I_O)         1.451     1.451 r  Enable_Decoder_IBUF_inst/O
                         net (fo=8, routed)           4.366     5.817    machine/Enable_Decoder_IBUF
    SLICE_X64Y45         LUT6 (Prop_lut6_I4_O)        0.124     5.941 r  machine/OpCodeCheck_OBUF[0]_inst_i_1/O
                         net (fo=11, routed)          4.783    10.724    OpCodeCheck_OBUF[0]
    V13                  OBUF (Prop_obuf_I_O)         3.504    14.228 r  OpCodeCheck_OBUF[0]_inst/O
                         net (fo=0)                   0.000    14.228    OpCodeCheck[0]
    V13                                                               r  OpCodeCheck[0]
  -------------------------------------------------------------------    -------------------

Slack:                    inf
  Source:                 Enable_Decoder
                            (input port)
  Destination:            OpCodeCheck[7]
                            (output port)
  Path Group:             (none)
  Path Type:              Max at Slow Process Corner
  Data Path Delay:        12.440ns  (logic 5.097ns (40.969%)  route 7.344ns (59.031%))
  Logic Levels:           3  (IBUF=1 LUT6=1 OBUF=1)

    Location             Delay type                Incr(ns)  Path(ns)    Netlist Resource(s)
  -------------------------------------------------------------------    -------------------
    W19                                               0.000     0.000 r  Enable_Decoder
                         net (fo=0)                   0.000     0.000    Enable_Decoder
    W19                  IBUF (Prop_ibuf_I_O)         1.451     1.451 r  Enable_Decoder_IBUF_inst/O
                         net (fo=8, routed)           4.212     5.663    machine/Enable_Decoder_IBUF
    SLICE_X64Y45         LUT6 (Prop_lut6_I0_O)        0.124     5.787 r  machine/OpCodeCheck_OBUF[7]_inst_i_1/O
                         net (fo=10, routed)          3.132     8.919    OpCodeCheck_OBUF[7]
    L1                   OBUF (Prop_obuf_I_O)         3.521    12.440 r  OpCodeCheck_OBUF[7]_inst/O
                         net (fo=0)                   0.000    12.440    OpCodeCheck[7]
    L1                                                                r  OpCodeCheck[7]
  -------------------------------------------------------------------    -------------------

Slack:                    inf
  Source:                 Enable_Decoder
                            (input port)
  Destination:            OpCodeCheck[5]
                            (output port)
  Path Group:             (none)
  Path Type:              Max at Slow Process Corner
  Data Path Delay:        12.028ns  (logic 5.083ns (42.257%)  route 6.945ns (57.743%))
  Logic Levels:           3  (IBUF=1 LUT6=1 OBUF=1)

    Location             Delay type                Incr(ns)  Path(ns)    Netlist Resource(s)
  -------------------------------------------------------------------    -------------------
    W19                                               0.000     0.000 r  Enable_Decoder
                         net (fo=0)                   0.000     0.000    Enable_Decoder
    W19                  IBUF (Prop_ibuf_I_O)         1.451     1.451 r  Enable_Decoder_IBUF_inst/O
                         net (fo=8, routed)           4.203     5.654    machine/Enable_Decoder_IBUF
    SLICE_X64Y45         LUT6 (Prop_lut6_I0_O)        0.124     5.778 r  machine/OpCodeCheck_OBUF[5]_inst_i_1/O
                         net (fo=11, routed)          2.742     8.521    OpCodeCheck_OBUF[5]
    N3                   OBUF (Prop_obuf_I_O)         3.507    12.028 r  OpCodeCheck_OBUF[5]_inst/O
                         net (fo=0)                   0.000    12.028    OpCodeCheck[5]
    N3                                                                r  OpCodeCheck[5]
  -------------------------------------------------------------------    -------------------

Slack:                    inf
  Source:                 Enable_Decoder
                            (input port)
  Destination:            OpCodeCheck[4]
                            (output port)
  Path Group:             (none)
  Path Type:              Max at Slow Process Corner
  Data Path Delay:        12.020ns  (logic 5.093ns (42.373%)  route 6.927ns (57.627%))
  Logic Levels:           3  (IBUF=1 LUT6=1 OBUF=1)

    Location             Delay type                Incr(ns)  Path(ns)    Netlist Resource(s)
  -------------------------------------------------------------------    -------------------
    W19                                               0.000     0.000 r  Enable_Decoder
                         net (fo=0)                   0.000     0.000    Enable_Decoder
    W19                  IBUF (Prop_ibuf_I_O)         1.451     1.451 r  Enable_Decoder_IBUF_inst/O
                         net (fo=8, routed)           4.356     5.807    machine/Enable_Decoder_IBUF
    SLICE_X64Y45         LUT6 (Prop_lut6_I0_O)        0.124     5.931 r  machine/OpCodeCheck_OBUF[4]_inst_i_1/O
                         net (fo=11, routed)          2.571     8.502    OpCodeCheck_OBUF[4]
    P3                   OBUF (Prop_obuf_I_O)         3.518    12.020 r  OpCodeCheck_OBUF[4]_inst/O
                         net (fo=0)                   0.000    12.020    OpCodeCheck[4]
    P3                                                                r  OpCodeCheck[4]
  -------------------------------------------------------------------    -------------------

Slack:                    inf
  Source:                 Enable_Decoder
                            (input port)
  Destination:            OpCodeCheck[6]
                            (output port)
  Path Group:             (none)
  Path Type:              Max at Slow Process Corner
  Data Path Delay:        11.592ns  (logic 5.091ns (43.916%)  route 6.501ns (56.084%))
  Logic Levels:           3  (IBUF=1 LUT6=1 OBUF=1)

    Location             Delay type                Incr(ns)  Path(ns)    Netlist Resource(s)
  -------------------------------------------------------------------    -------------------
    W19                                               0.000     0.000 r  Enable_Decoder
                         net (fo=0)                   0.000     0.000    Enable_Decoder
    W19                  IBUF (Prop_ibuf_I_O)         1.451     1.451 r  Enable_Decoder_IBUF_inst/O
                         net (fo=8, routed)           4.416     5.867    machine/Enable_Decoder_IBUF
    SLICE_X64Y47         LUT6 (Prop_lut6_I0_O)        0.124     5.991 r  machine/OpCodeCheck_OBUF[6]_inst_i_1/O
                         net (fo=11, routed)          2.085     8.076    OpCodeCheck_OBUF[6]
    P1                   OBUF (Prop_obuf_I_O)         3.515    11.592 r  OpCodeCheck_OBUF[6]_inst/O
                         net (fo=0)                   0.000    11.592    OpCodeCheck[6]
    P1                                                                r  OpCodeCheck[6]
  -------------------------------------------------------------------    -------------------

Slack:                    inf
  Source:                 Enable_Decoder
                            (input port)
  Destination:            OpCodeCheck[3]
                            (output port)
  Path Group:             (none)
  Path Type:              Max at Slow Process Corner
  Data Path Delay:        11.530ns  (logic 5.079ns (44.049%)  route 6.451ns (55.951%))
  Logic Levels:           3  (IBUF=1 LUT6=1 OBUF=1)

    Location             Delay type                Incr(ns)  Path(ns)    Netlist Resource(s)
  -------------------------------------------------------------------    -------------------
    W19                                               0.000     0.000 r  Enable_Decoder
                         net (fo=0)                   0.000     0.000    Enable_Decoder
    W19                  IBUF (Prop_ibuf_I_O)         1.451     1.451 r  Enable_Decoder_IBUF_inst/O
                         net (fo=8, routed)           4.351     5.802    machine/Enable_Decoder_IBUF
    SLICE_X65Y45         LUT6 (Prop_lut6_I4_O)        0.124     5.926 r  machine/OpCodeCheck_OBUF[3]_inst_i_1/O
                         net (fo=5, routed)           2.101     8.027    OpCodeCheck_OBUF[3]
    U3                   OBUF (Prop_obuf_I_O)         3.504    11.530 r  OpCodeCheck_OBUF[3]_inst/O
                         net (fo=0)                   0.000    11.530    OpCodeCheck[3]
    U3                                                                r  OpCodeCheck[3]
  -------------------------------------------------------------------    -------------------

Slack:                    inf
  Source:                 Enable_Decoder
                            (input port)
  Destination:            OpCodeCheck[2]
                            (output port)
  Path Group:             (none)
  Path Type:              Max at Slow Process Corner
  Data Path Delay:        11.469ns  (logic 5.101ns (44.473%)  route 6.368ns (55.527%))
  Logic Levels:           3  (IBUF=1 LUT6=1 OBUF=1)

    Location             Delay type                Incr(ns)  Path(ns)    Netlist Resource(s)
  -------------------------------------------------------------------    -------------------
    W19                                               0.000     0.000 r  Enable_Decoder
                         net (fo=0)                   0.000     0.000    Enable_Decoder
    W19                  IBUF (Prop_ibuf_I_O)         1.451     1.451 r  Enable_Decoder_IBUF_inst/O
                         net (fo=8, routed)           4.413     5.864    machine/Enable_Decoder_IBUF
    SLICE_X64Y47         LUT6 (Prop_lut6_I4_O)        0.124     5.988 r  machine/OpCodeCheck_OBUF[2]_inst_i_1/O
                         net (fo=11, routed)          1.956     7.944    OpCodeCheck_OBUF[2]
    W3                   OBUF (Prop_obuf_I_O)         3.525    11.469 r  OpCodeCheck_OBUF[2]_inst/O
                         net (fo=0)                   0.000    11.469    OpCodeCheck[2]
    W3                                                                r  OpCodeCheck[2]
  -------------------------------------------------------------------    -------------------

Slack:                    inf
  Source:                 Enable_Decoder
                            (input port)
  Destination:            OpCodeCheck[1]
                            (output port)
  Path Group:             (none)
  Path Type:              Max at Slow Process Corner
  Data Path Delay:        10.876ns  (logic 5.083ns (46.739%)  route 5.793ns (53.261%))
  Logic Levels:           3  (IBUF=1 LUT6=1 OBUF=1)

    Location             Delay type                Incr(ns)  Path(ns)    Netlist Resource(s)
  -------------------------------------------------------------------    -------------------
    W19                                               0.000     0.000 r  Enable_Decoder
                         net (fo=0)                   0.000     0.000    Enable_Decoder
    W19                  IBUF (Prop_ibuf_I_O)         1.451     1.451 r  Enable_Decoder_IBUF_inst/O
                         net (fo=8, routed)           3.850     5.301    machine/Enable_Decoder_IBUF
    SLICE_X63Y45         LUT6 (Prop_lut6_I4_O)        0.124     5.425 r  machine/OpCodeCheck_OBUF[1]_inst_i_1/O
                         net (fo=9, routed)           1.943     7.368    OpCodeCheck_OBUF[1]
    V3                   OBUF (Prop_obuf_I_O)         3.508    10.876 r  OpCodeCheck_OBUF[1]_inst/O
                         net (fo=0)                   0.000    10.876    OpCodeCheck[1]
    V3                                                                r  OpCodeCheck[1]
  -------------------------------------------------------------------    -------------------





Min Delay Paths
--------------------------------------------------------------------------------------
Slack:                    inf
  Source:                 Enable_Decoder
                            (input port)
  Destination:            OpCodeCheck[1]
                            (output port)
  Path Group:             (none)
  Path Type:              Min at Fast Process Corner
  Data Path Delay:        3.746ns  (logic 1.474ns (39.345%)  route 2.272ns (60.655%))
  Logic Levels:           3  (IBUF=1 LUT6=1 OBUF=1)

    Location             Delay type                Incr(ns)  Path(ns)    Netlist Resource(s)
  -------------------------------------------------------------------    -------------------
    W19                                               0.000     0.000 r  Enable_Decoder
                         net (fo=0)                   0.000     0.000    Enable_Decoder
    W19                  IBUF (Prop_ibuf_I_O)         0.219     0.219 r  Enable_Decoder_IBUF_inst/O
                         net (fo=8, routed)           1.798     2.017    machine/Enable_Decoder_IBUF
    SLICE_X63Y45         LUT6 (Prop_lut6_I4_O)        0.045     2.062 r  machine/OpCodeCheck_OBUF[1]_inst_i_1/O
                         net (fo=9, routed)           0.474     2.536    OpCodeCheck_OBUF[1]
    V3                   OBUF (Prop_obuf_I_O)         1.209     3.746 r  OpCodeCheck_OBUF[1]_inst/O
                         net (fo=0)                   0.000     3.746    OpCodeCheck[1]
    V3                                                                r  OpCodeCheck[1]
  -------------------------------------------------------------------    -------------------

Slack:                    inf
  Source:                 Enable_Decoder
                            (input port)
  Destination:            OpCodeCheck[3]
                            (output port)
  Path Group:             (none)
  Path Type:              Min at Fast Process Corner
  Data Path Delay:        4.002ns  (logic 1.469ns (36.716%)  route 2.532ns (63.284%))
  Logic Levels:           3  (IBUF=1 LUT6=1 OBUF=1)

    Location             Delay type                Incr(ns)  Path(ns)    Netlist Resource(s)
  -------------------------------------------------------------------    -------------------
    W19                                               0.000     0.000 r  Enable_Decoder
                         net (fo=0)                   0.000     0.000    Enable_Decoder
    W19                  IBUF (Prop_ibuf_I_O)         0.219     0.219 r  Enable_Decoder_IBUF_inst/O
                         net (fo=8, routed)           2.019     2.238    machine/Enable_Decoder_IBUF
    SLICE_X65Y45         LUT6 (Prop_lut6_I4_O)        0.045     2.283 r  machine/OpCodeCheck_OBUF[3]_inst_i_1/O
                         net (fo=5, routed)           0.514     2.797    OpCodeCheck_OBUF[3]
    U3                   OBUF (Prop_obuf_I_O)         1.205     4.002 r  OpCodeCheck_OBUF[3]_inst/O
                         net (fo=0)                   0.000     4.002    OpCodeCheck[3]
    U3                                                                r  OpCodeCheck[3]
  -------------------------------------------------------------------    -------------------

Slack:                    inf
  Source:                 Enable_Decoder
                            (input port)
  Destination:            OpCodeCheck[6]
                            (output port)
  Path Group:             (none)
  Path Type:              Min at Fast Process Corner
  Data Path Delay:        4.059ns  (logic 1.481ns (36.482%)  route 2.578ns (63.518%))
  Logic Levels:           3  (IBUF=1 LUT6=1 OBUF=1)

    Location             Delay type                Incr(ns)  Path(ns)    Netlist Resource(s)
  -------------------------------------------------------------------    -------------------
    W19                                               0.000     0.000 r  Enable_Decoder
                         net (fo=0)                   0.000     0.000    Enable_Decoder
    W19                  IBUF (Prop_ibuf_I_O)         0.219     0.219 r  Enable_Decoder_IBUF_inst/O
                         net (fo=8, routed)           2.046     2.265    machine/Enable_Decoder_IBUF
    SLICE_X64Y47         LUT6 (Prop_lut6_I0_O)        0.045     2.310 r  machine/OpCodeCheck_OBUF[6]_inst_i_1/O
                         net (fo=11, routed)          0.532     2.843    OpCodeCheck_OBUF[6]
    P1                   OBUF (Prop_obuf_I_O)         1.216     4.059 r  OpCodeCheck_OBUF[6]_inst/O
                         net (fo=0)                   0.000     4.059    OpCodeCheck[6]
    P1                                                                r  OpCodeCheck[6]
  -------------------------------------------------------------------    -------------------

Slack:                    inf
  Source:                 Enable_Decoder
                            (input port)
  Destination:            OpCodeCheck[2]
                            (output port)
  Path Group:             (none)
  Path Type:              Min at Fast Process Corner
  Data Path Delay:        4.112ns  (logic 1.491ns (36.252%)  route 2.621ns (63.748%))
  Logic Levels:           3  (IBUF=1 LUT6=1 OBUF=1)

    Location             Delay type                Incr(ns)  Path(ns)    Netlist Resource(s)
  -------------------------------------------------------------------    -------------------
    W19                                               0.000     0.000 r  Enable_Decoder
                         net (fo=0)                   0.000     0.000    Enable_Decoder
    W19                  IBUF (Prop_ibuf_I_O)         0.219     0.219 r  Enable_Decoder_IBUF_inst/O
                         net (fo=8, routed)           2.143     2.362    machine/Enable_Decoder_IBUF
    SLICE_X64Y47         LUT6 (Prop_lut6_I4_O)        0.045     2.407 r  machine/OpCodeCheck_OBUF[2]_inst_i_1/O
                         net (fo=11, routed)          0.479     2.886    OpCodeCheck_OBUF[2]
    W3                   OBUF (Prop_obuf_I_O)         1.226     4.112 r  OpCodeCheck_OBUF[2]_inst/O
                         net (fo=0)                   0.000     4.112    OpCodeCheck[2]
    W3                                                                r  OpCodeCheck[2]
  -------------------------------------------------------------------    -------------------

Slack:                    inf
  Source:                 Enable_Decoder
                            (input port)
  Destination:            OpCodeCheck[4]
                            (output port)
  Path Group:             (none)
  Path Type:              Min at Fast Process Corner
  Data Path Delay:        4.266ns  (logic 1.483ns (34.772%)  route 2.783ns (65.228%))
  Logic Levels:           3  (IBUF=1 LUT6=1 OBUF=1)

    Location             Delay type                Incr(ns)  Path(ns)    Netlist Resource(s)
  -------------------------------------------------------------------    -------------------
    W19                                               0.000     0.000 r  Enable_Decoder
                         net (fo=0)                   0.000     0.000    Enable_Decoder
    W19                  IBUF (Prop_ibuf_I_O)         0.219     0.219 r  Enable_Decoder_IBUF_inst/O
                         net (fo=8, routed)           2.022     2.241    machine/Enable_Decoder_IBUF
    SLICE_X64Y45         LUT6 (Prop_lut6_I0_O)        0.045     2.286 r  machine/OpCodeCheck_OBUF[4]_inst_i_1/O
                         net (fo=11, routed)          0.761     3.047    OpCodeCheck_OBUF[4]
    P3                   OBUF (Prop_obuf_I_O)         1.219     4.266 r  OpCodeCheck_OBUF[4]_inst/O
                         net (fo=0)                   0.000     4.266    OpCodeCheck[4]
    P3                                                                r  OpCodeCheck[4]
  -------------------------------------------------------------------    -------------------

Slack:                    inf
  Source:                 Enable_Decoder
                            (input port)
  Destination:            OpCodeCheck[5]
                            (output port)
  Path Group:             (none)
  Path Type:              Min at Fast Process Corner
  Data Path Delay:        4.273ns  (logic 1.473ns (34.467%)  route 2.800ns (65.533%))
  Logic Levels:           3  (IBUF=1 LUT6=1 OBUF=1)

    Location             Delay type                Incr(ns)  Path(ns)    Netlist Resource(s)
  -------------------------------------------------------------------    -------------------
    W19                                               0.000     0.000 r  Enable_Decoder
                         net (fo=0)                   0.000     0.000    Enable_Decoder
    W19                  IBUF (Prop_ibuf_I_O)         0.219     0.219 r  Enable_Decoder_IBUF_inst/O
                         net (fo=8, routed)           1.960     2.179    machine/Enable_Decoder_IBUF
    SLICE_X64Y45         LUT6 (Prop_lut6_I0_O)        0.045     2.224 r  machine/OpCodeCheck_OBUF[5]_inst_i_1/O
                         net (fo=11, routed)          0.840     3.065    OpCodeCheck_OBUF[5]
    N3                   OBUF (Prop_obuf_I_O)         1.208     4.273 r  OpCodeCheck_OBUF[5]_inst/O
                         net (fo=0)                   0.000     4.273    OpCodeCheck[5]
    N3                                                                r  OpCodeCheck[5]
  -------------------------------------------------------------------    -------------------

Slack:                    inf
  Source:                 Enable_Decoder
                            (input port)
  Destination:            OpCodeCheck[7]
                            (output port)
  Path Group:             (none)
  Path Type:              Min at Fast Process Corner
  Data Path Delay:        4.409ns  (logic 1.487ns (33.725%)  route 2.922ns (66.275%))
  Logic Levels:           3  (IBUF=1 LUT6=1 OBUF=1)

    Location             Delay type                Incr(ns)  Path(ns)    Netlist Resource(s)
  -------------------------------------------------------------------    -------------------
    W19                                               0.000     0.000 r  Enable_Decoder
                         net (fo=0)                   0.000     0.000    Enable_Decoder
    W19                  IBUF (Prop_ibuf_I_O)         0.219     0.219 r  Enable_Decoder_IBUF_inst/O
                         net (fo=8, routed)           1.935     2.154    machine/Enable_Decoder_IBUF
    SLICE_X64Y45         LUT6 (Prop_lut6_I0_O)        0.045     2.199 r  machine/OpCodeCheck_OBUF[7]_inst_i_1/O
                         net (fo=10, routed)          0.987     3.186    OpCodeCheck_OBUF[7]
    L1                   OBUF (Prop_obuf_I_O)         1.222     4.409 r  OpCodeCheck_OBUF[7]_inst/O
                         net (fo=0)                   0.000     4.409    OpCodeCheck[7]
    L1                                                                r  OpCodeCheck[7]
  -------------------------------------------------------------------    -------------------

Slack:                    inf
  Source:                 Enable_Decoder
                            (input port)
  Destination:            OpCodeCheck[0]
                            (output port)
  Path Group:             (none)
  Path Type:              Min at Fast Process Corner
  Data Path Delay:        5.374ns  (logic 1.470ns (27.345%)  route 3.905ns (72.655%))
  Logic Levels:           3  (IBUF=1 LUT6=1 OBUF=1)

    Location             Delay type                Incr(ns)  Path(ns)    Netlist Resource(s)
  -------------------------------------------------------------------    -------------------
    W19                                               0.000     0.000 r  Enable_Decoder
                         net (fo=0)                   0.000     0.000    Enable_Decoder
    W19                  IBUF (Prop_ibuf_I_O)         0.219     0.219 r  Enable_Decoder_IBUF_inst/O
                         net (fo=8, routed)           2.027     2.246    machine/Enable_Decoder_IBUF
    SLICE_X64Y45         LUT6 (Prop_lut6_I4_O)        0.045     2.291 r  machine/OpCodeCheck_OBUF[0]_inst_i_1/O
                         net (fo=11, routed)          1.878     4.169    OpCodeCheck_OBUF[0]
    V13                  OBUF (Prop_obuf_I_O)         1.205     5.374 r  OpCodeCheck_OBUF[0]_inst/O
                         net (fo=0)                   0.000     5.374    OpCodeCheck[0]
    V13                                                               r  OpCodeCheck[0]
  -------------------------------------------------------------------    -------------------





--------------------------------------------------------------------------------------
Path Group:  (none)
From Clock:  sys_clk_pin
  To Clock:  

Max Delay            27 Endpoints
Min Delay            27 Endpoints
--------------------------------------------------------------------------------------


Max Delay Paths
--------------------------------------------------------------------------------------
Slack:                    inf
  Source:                 machine/FSM_onehot_current_state_reg[2]/C
                            (rising edge-triggered cell FDCE clocked by sys_clk_pin  {rise@0.000ns fall@5.000ns period=10.000ns})
  Destination:            OpCodeCheck[0]
                            (output port)
  Path Group:             (none)
  Path Type:              Max at Slow Process Corner
  Data Path Delay:        10.440ns  (logic 4.208ns (40.306%)  route 6.232ns (59.694%))
  Logic Levels:           3  (LUT6=2 OBUF=1)
  Clock Uncertainty:      0.025ns  ((TSJ^2 + TIJ^2)^1/2 + DJ) / 2 + PE
    Total System Jitter     (TSJ):    0.050ns
    Total Input Jitter      (TIJ):    0.000ns
    Discrete Jitter          (DJ):    0.000ns
    Phase Error              (PE):    0.000ns

    Location             Delay type                Incr(ns)  Path(ns)    Netlist Resource(s)
  -------------------------------------------------------------------    -------------------
                         (clock sys_clk_pin rise edge)
                                                      0.000     0.000 r  <hidden>
    W5                                                0.000     0.000 r  clk
                         net (fo=0)                   0.000     0.000    clk
    W5                   IBUF (Prop_ibuf_I_O)         1.458     1.458 r  clk_IBUF_inst/O
                         net (fo=1, routed)           1.967     3.425    clk_IBUF
    BUFGCTRL_X0Y0        BUFG (Prop_bufg_I_O)         0.096     3.521 r  clk_IBUF_BUFG_inst/O
                         net (fo=58, routed)          1.638     5.159    machine/CLK
    SLICE_X63Y46         FDCE                                         r  machine/FSM_onehot_current_state_reg[2]/C
  -------------------------------------------------------------------    -------------------
    SLICE_X63Y46         FDCE (Prop_fdce_C_Q)         0.456     5.615 f  machine/FSM_onehot_current_state_reg[2]/Q
                         net (fo=5, routed)           1.032     6.647    machine/FSM_onehot_current_state_reg_n_0_[2]
    SLICE_X63Y45         LUT6 (Prop_lut6_I3_O)        0.124     6.771 r  machine/OpCodeCheck_OBUF[4]_inst_i_2/O
                         net (fo=2, routed)           0.418     7.189    machine/OpCodeCheck_OBUF[4]_inst_i_2_n_0
    SLICE_X64Y45         LUT6 (Prop_lut6_I5_O)        0.124     7.313 r  machine/OpCodeCheck_OBUF[0]_inst_i_1/O
                         net (fo=11, routed)          4.783    12.096    OpCodeCheck_OBUF[0]
    V13                  OBUF (Prop_obuf_I_O)         3.504    15.600 r  OpCodeCheck_OBUF[0]_inst/O
                         net (fo=0)                   0.000    15.600    OpCodeCheck[0]
    V13                                                               r  OpCodeCheck[0]
  -------------------------------------------------------------------    -------------------

Slack:                    inf
  Source:                 ALU/result_reg[4]/C
                            (rising edge-triggered cell FDCE clocked by sys_clk_pin  {rise@0.000ns fall@5.000ns period=10.000ns})
  Destination:            Led[6]
                            (output port)
  Path Group:             (none)
  Path Type:              Max at Slow Process Corner
  Data Path Delay:        9.399ns  (logic 4.359ns (46.383%)  route 5.039ns (53.617%))
  Logic Levels:           4  (LUT5=1 LUT6=2 OBUF=1)
  Clock Uncertainty:      0.025ns  ((TSJ^2 + TIJ^2)^1/2 + DJ) / 2 + PE
    Total System Jitter     (TSJ):    0.050ns
    Total Input Jitter      (TIJ):    0.000ns
    Discrete Jitter          (DJ):    0.000ns
    Phase Error              (PE):    0.000ns

    Location             Delay type                Incr(ns)  Path(ns)    Netlist Resource(s)
  -------------------------------------------------------------------    -------------------
                         (clock sys_clk_pin rise edge)
                                                      0.000     0.000 r  <hidden>
    W5                                                0.000     0.000 r  clk
                         net (fo=0)                   0.000     0.000    clk
    W5                   IBUF (Prop_ibuf_I_O)         1.458     1.458 r  clk_IBUF_inst/O
                         net (fo=1, routed)           1.967     3.425    clk_IBUF
    BUFGCTRL_X0Y0        BUFG (Prop_bufg_I_O)         0.096     3.521 r  clk_IBUF_BUFG_inst/O
                         net (fo=58, routed)          1.637     5.158    ALU/CLK
    SLICE_X61Y45         FDCE                                         r  ALU/result_reg[4]/C
  -------------------------------------------------------------------    -------------------
    SLICE_X61Y45         FDCE (Prop_fdce_C_Q)         0.456     5.614 r  ALU/result_reg[4]/Q
                         net (fo=7, routed)           1.125     6.740    ALU/result_reg[7]_0[4]
    SLICE_X61Y45         LUT5 (Prop_lut5_I2_O)        0.124     6.864 r  ALU/Led_OBUF[6]_inst_i_3/O
                         net (fo=1, routed)           0.844     7.707    ALU/Led_OBUF[6]_inst_i_3_n_0
    SLICE_X60Y44         LUT6 (Prop_lut6_I5_O)        0.124     7.831 r  ALU/Led_OBUF[6]_inst_i_2/O
                         net (fo=1, routed)           0.162     7.993    ALU/Led_OBUF[6]_inst_i_2_n_0
    SLICE_X60Y44         LUT6 (Prop_lut6_I0_O)        0.124     8.117 r  ALU/Led_OBUF[6]_inst_i_1/O
                         net (fo=1, routed)           2.908    11.026    Led_OBUF[6]
    U7                   OBUF (Prop_obuf_I_O)         3.531    14.557 r  Led_OBUF[6]_inst/O
                         net (fo=0)                   0.000    14.557    Led[6]
    U7                                                                r  Led[6]
  -------------------------------------------------------------------    -------------------

Slack:                    inf
  Source:                 Full_Display/refresh_counter_reg[16]/C
                            (rising edge-triggered cell FDRE clocked by sys_clk_pin  {rise@0.000ns fall@5.000ns period=10.000ns})
  Destination:            Led[5]
                            (output port)
  Path Group:             (none)
  Path Type:              Max at Slow Process Corner
  Data Path Delay:        9.145ns  (logic 4.270ns (46.695%)  route 4.875ns (53.305%))
  Logic Levels:           3  (LUT6=2 OBUF=1)
  Clock Uncertainty:      0.025ns  ((TSJ^2 + TIJ^2)^1/2 + DJ) / 2 + PE
    Total System Jitter     (TSJ):    0.050ns
    Total Input Jitter      (TIJ):    0.000ns
    Discrete Jitter          (DJ):    0.000ns
    Phase Error              (PE):    0.000ns

    Location             Delay type                Incr(ns)  Path(ns)    Netlist Resource(s)
  -------------------------------------------------------------------    -------------------
                         (clock sys_clk_pin rise edge)
                                                      0.000     0.000 r  <hidden>
    W5                                                0.000     0.000 r  clk
                         net (fo=0)                   0.000     0.000    clk
    W5                   IBUF (Prop_ibuf_I_O)         1.458     1.458 r  clk_IBUF_inst/O
                         net (fo=1, routed)           1.967     3.425    clk_IBUF
    BUFGCTRL_X0Y0        BUFG (Prop_bufg_I_O)         0.096     3.521 r  clk_IBUF_BUFG_inst/O
                         net (fo=58, routed)          1.626     5.147    Full_Display/CLK
    SLICE_X60Y52         FDRE                                         r  Full_Display/refresh_counter_reg[16]/C
  -------------------------------------------------------------------    -------------------
    SLICE_X60Y52         FDRE (Prop_fdre_C_Q)         0.518     5.665 r  Full_Display/refresh_counter_reg[16]/Q
                         net (fo=13, routed)          1.363     7.028    ALU/digit_select[0]
    SLICE_X60Y45         LUT6 (Prop_lut6_I0_O)        0.124     7.152 r  ALU/Led_OBUF[5]_inst_i_2/O
                         net (fo=1, routed)           0.821     7.973    ALU/Led_OBUF[5]_inst_i_2_n_0
    SLICE_X60Y44         LUT6 (Prop_lut6_I0_O)        0.124     8.097 r  ALU/Led_OBUF[5]_inst_i_1/O
                         net (fo=1, routed)           2.691    10.788    Led_OBUF[5]
    V5                   OBUF (Prop_obuf_I_O)         3.504    14.292 r  Led_OBUF[5]_inst/O
                         net (fo=0)                   0.000    14.292    Led[5]
    V5                                                                r  Led[5]
  -------------------------------------------------------------------    -------------------

Slack:                    inf
  Source:                 machine/FSM_onehot_current_state_reg[1]/C
                            (rising edge-triggered cell FDCE clocked by sys_clk_pin  {rise@0.000ns fall@5.000ns period=10.000ns})
  Destination:            OpCodeCheck[7]
                            (output port)
  Path Group:             (none)
  Path Type:              Max at Slow Process Corner
  Data Path Delay:        8.953ns  (logic 4.225ns (47.196%)  route 4.728ns (52.804%))
  Logic Levels:           3  (LUT6=2 OBUF=1)
  Clock Uncertainty:      0.025ns  ((TSJ^2 + TIJ^2)^1/2 + DJ) / 2 + PE
    Total System Jitter     (TSJ):    0.050ns
    Total Input Jitter      (TIJ):    0.000ns
    Discrete Jitter          (DJ):    0.000ns
    Phase Error              (PE):    0.000ns

    Location             Delay type                Incr(ns)  Path(ns)    Netlist Resource(s)
  -------------------------------------------------------------------    -------------------
                         (clock sys_clk_pin rise edge)
                                                      0.000     0.000 r  <hidden>
    W5                                                0.000     0.000 r  clk
                         net (fo=0)                   0.000     0.000    clk
    W5                   IBUF (Prop_ibuf_I_O)         1.458     1.458 r  clk_IBUF_inst/O
                         net (fo=1, routed)           1.967     3.425    clk_IBUF
    BUFGCTRL_X0Y0        BUFG (Prop_bufg_I_O)         0.096     3.521 r  clk_IBUF_BUFG_inst/O
                         net (fo=58, routed)          1.638     5.159    machine/CLK
    SLICE_X63Y46         FDCE                                         r  machine/FSM_onehot_current_state_reg[1]/C
  -------------------------------------------------------------------    -------------------
    SLICE_X63Y46         FDCE (Prop_fdce_C_Q)         0.456     5.615 r  machine/FSM_onehot_current_state_reg[1]/Q
                         net (fo=5, routed)           1.283     6.898    machine/FSM_onehot_current_state_reg_n_0_[1]
    SLICE_X63Y45         LUT6 (Prop_lut6_I0_O)        0.124     7.022 r  machine/OpCodeCheck_OBUF[7]_inst_i_2/O
                         net (fo=2, routed)           0.313     7.335    machine/OpCodeCheck_OBUF[7]_inst_i_2_n_0
    SLICE_X64Y45         LUT6 (Prop_lut6_I5_O)        0.124     7.459 r  machine/OpCodeCheck_OBUF[7]_inst_i_1/O
                         net (fo=10, routed)          3.132    10.591    OpCodeCheck_OBUF[7]
    L1                   OBUF (Prop_obuf_I_O)         3.521    14.112 r  OpCodeCheck_OBUF[7]_inst/O
                         net (fo=0)                   0.000    14.112    OpCodeCheck[7]
    L1                                                                r  OpCodeCheck[7]
  -------------------------------------------------------------------    -------------------

Slack:                    inf
  Source:                 ALU/result_reg[4]/C
                            (rising edge-triggered cell FDCE clocked by sys_clk_pin  {rise@0.000ns fall@5.000ns period=10.000ns})
  Destination:            Led[0]
                            (output port)
  Path Group:             (none)
  Path Type:              Max at Slow Process Corner
  Data Path Delay:        8.872ns  (logic 4.445ns (50.100%)  route 4.427ns (49.900%))
  Logic Levels:           3  (LUT4=1 LUT6=1 OBUF=1)
  Clock Uncertainty:      0.025ns  ((TSJ^2 + TIJ^2)^1/2 + DJ) / 2 + PE
    Total System Jitter     (TSJ):    0.050ns
    Total Input Jitter      (TIJ):    0.000ns
    Discrete Jitter          (DJ):    0.000ns
    Phase Error              (PE):    0.000ns

    Location             Delay type                Incr(ns)  Path(ns)    Netlist Resource(s)
  -------------------------------------------------------------------    -------------------
                         (clock sys_clk_pin rise edge)
                                                      0.000     0.000 r  <hidden>
    W5                                                0.000     0.000 r  clk
                         net (fo=0)                   0.000     0.000    clk
    W5                   IBUF (Prop_ibuf_I_O)         1.458     1.458 r  clk_IBUF_inst/O
                         net (fo=1, routed)           1.967     3.425    clk_IBUF
    BUFGCTRL_X0Y0        BUFG (Prop_bufg_I_O)         0.096     3.521 r  clk_IBUF_BUFG_inst/O
                         net (fo=58, routed)          1.637     5.158    ALU/CLK
    SLICE_X61Y45         FDCE                                         r  ALU/result_reg[4]/C
  -------------------------------------------------------------------    -------------------
    SLICE_X61Y45         FDCE (Prop_fdce_C_Q)         0.456     5.614 r  ALU/result_reg[4]/Q
                         net (fo=7, routed)           1.125     6.740    ALU/result_reg[7]_0[4]
    SLICE_X61Y45         LUT4 (Prop_lut4_I1_O)        0.152     6.892 r  ALU/Led_OBUF[0]_inst_i_2/O
                         net (fo=1, routed)           0.969     7.861    ALU/Full_Display/led2_seg__27[0]
    SLICE_X61Y44         LUT6 (Prop_lut6_I3_O)        0.326     8.187 r  ALU/Led_OBUF[0]_inst_i_1/O
                         net (fo=1, routed)           2.332    10.519    Led_OBUF[0]
    W7                   OBUF (Prop_obuf_I_O)         3.511    14.030 r  Led_OBUF[0]_inst/O
                         net (fo=0)                   0.000    14.030    Led[0]
    W7                                                                r  Led[0]
  -------------------------------------------------------------------    -------------------

Slack:                    inf
  Source:                 Full_Display/refresh_counter_reg[16]/C
                            (rising edge-triggered cell FDRE clocked by sys_clk_pin  {rise@0.000ns fall@5.000ns period=10.000ns})
  Destination:            Led[2]
                            (output port)
  Path Group:             (none)
  Path Type:              Max at Slow Process Corner
  Data Path Delay:        8.720ns  (logic 4.531ns (51.964%)  route 4.189ns (48.036%))
  Logic Levels:           3  (LUT5=1 LUT6=1 OBUF=1)
  Clock Uncertainty:      0.025ns  ((TSJ^2 + TIJ^2)^1/2 + DJ) / 2 + PE
    Total System Jitter     (TSJ):    0.050ns
    Total Input Jitter      (TIJ):    0.000ns
    Discrete Jitter          (DJ):    0.000ns
    Phase Error              (PE):    0.000ns

    Location             Delay type                Incr(ns)  Path(ns)    Netlist Resource(s)
  -------------------------------------------------------------------    -------------------
                         (clock sys_clk_pin rise edge)
                                                      0.000     0.000 r  <hidden>
    W5                                                0.000     0.000 r  clk
                         net (fo=0)                   0.000     0.000    clk
    W5                   IBUF (Prop_ibuf_I_O)         1.458     1.458 r  clk_IBUF_inst/O
                         net (fo=1, routed)           1.967     3.425    clk_IBUF
    BUFGCTRL_X0Y0        BUFG (Prop_bufg_I_O)         0.096     3.521 r  clk_IBUF_BUFG_inst/O
                         net (fo=58, routed)          1.626     5.147    Full_Display/CLK
    SLICE_X60Y52         FDRE                                         r  Full_Display/refresh_counter_reg[16]/C
  -------------------------------------------------------------------    -------------------
    SLICE_X60Y52         FDRE (Prop_fdre_C_Q)         0.518     5.665 r  Full_Display/refresh_counter_reg[16]/Q
                         net (fo=13, routed)          1.517     7.182    ALU/digit_select[0]
    SLICE_X60Y45         LUT5 (Prop_lut5_I0_O)        0.150     7.332 r  ALU/Led_OBUF[2]_inst_i_2/O
                         net (fo=1, routed)           0.165     7.497    ALU/Led_OBUF[2]_inst_i_2_n_0
    SLICE_X60Y45         LUT6 (Prop_lut6_I5_O)        0.328     7.825 r  ALU/Led_OBUF[2]_inst_i_1/O
                         net (fo=1, routed)           2.506    10.332    Led_OBUF[2]
    U8                   OBUF (Prop_obuf_I_O)         3.535    13.867 r  Led_OBUF[2]_inst/O
                         net (fo=0)                   0.000    13.867    Led[2]
    U8                                                                r  Led[2]
  -------------------------------------------------------------------    -------------------

Slack:                    inf
  Source:                 machine/FSM_onehot_current_state_reg[1]/C
                            (rising edge-triggered cell FDCE clocked by sys_clk_pin  {rise@0.000ns fall@5.000ns period=10.000ns})
  Destination:            OpCodeCheck[5]
                            (output port)
  Path Group:             (none)
  Path Type:              Max at Slow Process Corner
  Data Path Delay:        8.657ns  (logic 4.211ns (48.646%)  route 4.446ns (51.354%))
  Logic Levels:           3  (LUT6=2 OBUF=1)
  Clock Uncertainty:      0.025ns  ((TSJ^2 + TIJ^2)^1/2 + DJ) / 2 + PE
    Total System Jitter     (TSJ):    0.050ns
    Total Input Jitter      (TIJ):    0.000ns
    Discrete Jitter          (DJ):    0.000ns
    Phase Error              (PE):    0.000ns

    Location             Delay type                Incr(ns)  Path(ns)    Netlist Resource(s)
  -------------------------------------------------------------------    -------------------
                         (clock sys_clk_pin rise edge)
                                                      0.000     0.000 r  <hidden>
    W5                                                0.000     0.000 r  clk
                         net (fo=0)                   0.000     0.000    clk
    W5                   IBUF (Prop_ibuf_I_O)         1.458     1.458 r  clk_IBUF_inst/O
                         net (fo=1, routed)           1.967     3.425    clk_IBUF
    BUFGCTRL_X0Y0        BUFG (Prop_bufg_I_O)         0.096     3.521 r  clk_IBUF_BUFG_inst/O
                         net (fo=58, routed)          1.638     5.159    machine/CLK
    SLICE_X63Y46         FDCE                                         r  machine/FSM_onehot_current_state_reg[1]/C
  -------------------------------------------------------------------    -------------------
    SLICE_X63Y46         FDCE (Prop_fdce_C_Q)         0.456     5.615 r  machine/FSM_onehot_current_state_reg[1]/Q
                         net (fo=5, routed)           1.278     6.893    machine/FSM_onehot_current_state_reg_n_0_[1]
    SLICE_X63Y45         LUT6 (Prop_lut6_I0_O)        0.124     7.017 r  machine/OpCodeCheck_OBUF[5]_inst_i_2/O
                         net (fo=2, routed)           0.426     7.443    machine/OpCodeCheck_OBUF[5]_inst_i_2_n_0
    SLICE_X64Y45         LUT6 (Prop_lut6_I5_O)        0.124     7.567 r  machine/OpCodeCheck_OBUF[5]_inst_i_1/O
                         net (fo=11, routed)          2.742    10.309    OpCodeCheck_OBUF[5]
    N3                   OBUF (Prop_obuf_I_O)         3.507    13.816 r  OpCodeCheck_OBUF[5]_inst/O
                         net (fo=0)                   0.000    13.816    OpCodeCheck[5]
    N3                                                                r  OpCodeCheck[5]
  -------------------------------------------------------------------    -------------------

Slack:                    inf
  Source:                 ALU/result_reg[5]_lopt_replica/C
                            (rising edge-triggered cell FDCE clocked by sys_clk_pin  {rise@0.000ns fall@5.000ns period=10.000ns})
  Destination:            RCheck[5]
                            (output port)
  Path Group:             (none)
  Path Type:              Max at Slow Process Corner
  Data Path Delay:        8.626ns  (logic 4.032ns (46.750%)  route 4.593ns (53.250%))
  Logic Levels:           1  (OBUF=1)
  Clock Uncertainty:      0.025ns  ((TSJ^2 + TIJ^2)^1/2 + DJ) / 2 + PE
    Total System Jitter     (TSJ):    0.050ns
    Total Input Jitter      (TIJ):    0.000ns
    Discrete Jitter          (DJ):    0.000ns
    Phase Error              (PE):    0.000ns

    Location             Delay type                Incr(ns)  Path(ns)    Netlist Resource(s)
  -------------------------------------------------------------------    -------------------
                         (clock sys_clk_pin rise edge)
                                                      0.000     0.000 r  <hidden>
    W5                                                0.000     0.000 r  clk
                         net (fo=0)                   0.000     0.000    clk
    W5                   IBUF (Prop_ibuf_I_O)         1.458     1.458 r  clk_IBUF_inst/O
                         net (fo=1, routed)           1.967     3.425    clk_IBUF
    BUFGCTRL_X0Y0        BUFG (Prop_bufg_I_O)         0.096     3.521 r  clk_IBUF_BUFG_inst/O
                         net (fo=58, routed)          1.637     5.158    ALU/CLK
    SLICE_X60Y44         FDCE                                         r  ALU/result_reg[5]_lopt_replica/C
  -------------------------------------------------------------------    -------------------
    SLICE_X60Y44         FDCE (Prop_fdce_C_Q)         0.518     5.676 r  ALU/result_reg[5]_lopt_replica/Q
                         net (fo=1, routed)           4.593    10.269    lopt_5
    U15                  OBUF (Prop_obuf_I_O)         3.514    13.784 r  RCheck_OBUF[5]_inst/O
                         net (fo=0)                   0.000    13.784    RCheck[5]
    U15                                                               r  RCheck[5]
  -------------------------------------------------------------------    -------------------

Slack:                    inf
  Source:                 ALU/result_reg[7]_lopt_replica/C
                            (rising edge-triggered cell FDCE clocked by sys_clk_pin  {rise@0.000ns fall@5.000ns period=10.000ns})
  Destination:            RCheck[7]
                            (output port)
  Path Group:             (none)
  Path Type:              Max at Slow Process Corner
  Data Path Delay:        8.579ns  (logic 3.957ns (46.119%)  route 4.623ns (53.881%))
  Logic Levels:           1  (OBUF=1)
  Clock Uncertainty:      0.025ns  ((TSJ^2 + TIJ^2)^1/2 + DJ) / 2 + PE
    Total System Jitter     (TSJ):    0.050ns
    Total Input Jitter      (TIJ):    0.000ns
    Discrete Jitter          (DJ):    0.000ns
    Phase Error              (PE):    0.000ns

    Location             Delay type                Incr(ns)  Path(ns)    Netlist Resource(s)
  -------------------------------------------------------------------    -------------------
                         (clock sys_clk_pin rise edge)
                                                      0.000     0.000 r  <hidden>
    W5                                                0.000     0.000 r  clk
                         net (fo=0)                   0.000     0.000    clk
    W5                   IBUF (Prop_ibuf_I_O)         1.458     1.458 r  clk_IBUF_inst/O
                         net (fo=1, routed)           1.967     3.425    clk_IBUF
    BUFGCTRL_X0Y0        BUFG (Prop_bufg_I_O)         0.096     3.521 r  clk_IBUF_BUFG_inst/O
                         net (fo=58, routed)          1.637     5.158    ALU/CLK
    SLICE_X58Y45         FDCE                                         r  ALU/result_reg[7]_lopt_replica/C
  -------------------------------------------------------------------    -------------------
    SLICE_X58Y45         FDCE (Prop_fdce_C_Q)         0.456     5.614 r  ALU/result_reg[7]_lopt_replica/Q
                         net (fo=1, routed)           4.623    10.237    lopt_7
    V14                  OBUF (Prop_obuf_I_O)         3.501    13.738 r  RCheck_OBUF[7]_inst/O
                         net (fo=0)                   0.000    13.738    RCheck[7]
    V14                                                               r  RCheck[7]
  -------------------------------------------------------------------    -------------------

Slack:                    inf
  Source:                 ALU/result_reg[0]_lopt_replica/C
                            (rising edge-triggered cell FDCE clocked by sys_clk_pin  {rise@0.000ns fall@5.000ns period=10.000ns})
  Destination:            RCheck[0]
                            (output port)
  Path Group:             (none)
  Path Type:              Max at Slow Process Corner
  Data Path Delay:        8.538ns  (logic 3.961ns (46.392%)  route 4.577ns (53.608%))
  Logic Levels:           1  (OBUF=1)
  Clock Uncertainty:      0.025ns  ((TSJ^2 + TIJ^2)^1/2 + DJ) / 2 + PE
    Total System Jitter     (TSJ):    0.050ns
    Total Input Jitter      (TIJ):    0.000ns
    Discrete Jitter          (DJ):    0.000ns
    Phase Error              (PE):    0.000ns

    Location             Delay type                Incr(ns)  Path(ns)    Netlist Resource(s)
  -------------------------------------------------------------------    -------------------
                         (clock sys_clk_pin rise edge)
                                                      0.000     0.000 r  <hidden>
    W5                                                0.000     0.000 r  clk
                         net (fo=0)                   0.000     0.000    clk
    W5                   IBUF (Prop_ibuf_I_O)         1.458     1.458 r  clk_IBUF_inst/O
                         net (fo=1, routed)           1.967     3.425    clk_IBUF
    BUFGCTRL_X0Y0        BUFG (Prop_bufg_I_O)         0.096     3.521 r  clk_IBUF_BUFG_inst/O
                         net (fo=58, routed)          1.636     5.157    ALU/CLK
    SLICE_X61Y42         FDCE                                         r  ALU/result_reg[0]_lopt_replica/C
  -------------------------------------------------------------------    -------------------
    SLICE_X61Y42         FDCE (Prop_fdce_C_Q)         0.456     5.613 r  ALU/result_reg[0]_lopt_replica/Q
                         net (fo=1, routed)           4.577    10.190    lopt
    U16                  OBUF (Prop_obuf_I_O)         3.505    13.695 r  RCheck_OBUF[0]_inst/O
                         net (fo=0)                   0.000    13.695    RCheck[0]
    U16                                                               r  RCheck[0]
  -------------------------------------------------------------------    -------------------





Min Delay Paths
--------------------------------------------------------------------------------------
Slack:                    inf
  Source:                 machine/FSM_onehot_current_state_reg[4]/C
                            (rising edge-triggered cell FDCE clocked by sys_clk_pin  {rise@0.000ns fall@5.000ns period=10.000ns})
  Destination:            OpCodeCheck[1]
                            (output port)
  Path Group:             (none)
  Path Type:              Min at Fast Process Corner
  Data Path Delay:        2.058ns  (logic 1.395ns (67.811%)  route 0.662ns (32.189%))
  Logic Levels:           2  (LUT6=1 OBUF=1)
  Clock Uncertainty:      0.025ns  ((TSJ^2 + TIJ^2)^1/2 + DJ) / 2 + PE
    Total System Jitter     (TSJ):    0.050ns
    Total Input Jitter      (TIJ):    0.000ns
    Discrete Jitter          (DJ):    0.000ns
    Phase Error              (PE):    0.000ns

    Location             Delay type                Incr(ns)  Path(ns)    Netlist Resource(s)
  -------------------------------------------------------------------    -------------------
                         (clock sys_clk_pin rise edge)
                                                      0.000     0.000 r  <hidden>
    W5                                                0.000     0.000 r  clk
                         net (fo=0)                   0.000     0.000    clk
    W5                   IBUF (Prop_ibuf_I_O)         0.226     0.226 r  clk_IBUF_inst/O
                         net (fo=1, routed)           0.631     0.858    clk_IBUF
    BUFGCTRL_X0Y0        BUFG (Prop_bufg_I_O)         0.026     0.884 r  clk_IBUF_BUFG_inst/O
                         net (fo=58, routed)          0.595     1.478    machine/CLK
    SLICE_X62Y46         FDCE                                         r  machine/FSM_onehot_current_state_reg[4]/C
  -------------------------------------------------------------------    -------------------
    SLICE_X62Y46         FDCE (Prop_fdce_C_Q)         0.141     1.619 f  machine/FSM_onehot_current_state_reg[4]/Q
                         net (fo=9, routed)           0.188     1.808    machine/FSM_onehot_current_state_reg_n_0_[4]
    SLICE_X63Y45         LUT6 (Prop_lut6_I2_O)        0.045     1.853 r  machine/OpCodeCheck_OBUF[1]_inst_i_1/O
                         net (fo=9, routed)           0.474     2.326    OpCodeCheck_OBUF[1]
    V3                   OBUF (Prop_obuf_I_O)         1.209     3.536 r  OpCodeCheck_OBUF[1]_inst/O
                         net (fo=0)                   0.000     3.536    OpCodeCheck[1]
    V3                                                                r  OpCodeCheck[1]
  -------------------------------------------------------------------    -------------------

Slack:                    inf
  Source:                 machine/FSM_onehot_current_state_reg[4]/C
                            (rising edge-triggered cell FDCE clocked by sys_clk_pin  {rise@0.000ns fall@5.000ns period=10.000ns})
  Destination:            OpCodeCheck[6]
                            (output port)
  Path Group:             (none)
  Path Type:              Min at Fast Process Corner
  Data Path Delay:        2.131ns  (logic 1.402ns (65.820%)  route 0.728ns (34.180%))
  Logic Levels:           2  (LUT6=1 OBUF=1)
  Clock Uncertainty:      0.025ns  ((TSJ^2 + TIJ^2)^1/2 + DJ) / 2 + PE
    Total System Jitter     (TSJ):    0.050ns
    Total Input Jitter      (TIJ):    0.000ns
    Discrete Jitter          (DJ):    0.000ns
    Phase Error              (PE):    0.000ns

    Location             Delay type                Incr(ns)  Path(ns)    Netlist Resource(s)
  -------------------------------------------------------------------    -------------------
                         (clock sys_clk_pin rise edge)
                                                      0.000     0.000 r  <hidden>
    W5                                                0.000     0.000 r  clk
                         net (fo=0)                   0.000     0.000    clk
    W5                   IBUF (Prop_ibuf_I_O)         0.226     0.226 r  clk_IBUF_inst/O
                         net (fo=1, routed)           0.631     0.858    clk_IBUF
    BUFGCTRL_X0Y0        BUFG (Prop_bufg_I_O)         0.026     0.884 r  clk_IBUF_BUFG_inst/O
                         net (fo=58, routed)          0.595     1.478    machine/CLK
    SLICE_X62Y46         FDCE                                         r  machine/FSM_onehot_current_state_reg[4]/C
  -------------------------------------------------------------------    -------------------
    SLICE_X62Y46         FDCE (Prop_fdce_C_Q)         0.141     1.619 r  machine/FSM_onehot_current_state_reg[4]/Q
                         net (fo=9, routed)           0.196     1.815    machine/FSM_onehot_current_state_reg_n_0_[4]
    SLICE_X64Y47         LUT6 (Prop_lut6_I3_O)        0.045     1.860 r  machine/OpCodeCheck_OBUF[6]_inst_i_1/O
                         net (fo=11, routed)          0.532     2.392    OpCodeCheck_OBUF[6]
    P1                   OBUF (Prop_obuf_I_O)         1.216     3.609 r  OpCodeCheck_OBUF[6]_inst/O
                         net (fo=0)                   0.000     3.609    OpCodeCheck[6]
    P1                                                                r  OpCodeCheck[6]
  -------------------------------------------------------------------    -------------------

Slack:                    inf
  Source:                 machine/FSM_onehot_current_state_reg[5]/C
                            (rising edge-triggered cell FDCE clocked by sys_clk_pin  {rise@0.000ns fall@5.000ns period=10.000ns})
  Destination:            OpCodeCheck[2]
                            (output port)
  Path Group:             (none)
  Path Type:              Min at Fast Process Corner
  Data Path Delay:        2.132ns  (logic 1.412ns (66.255%)  route 0.719ns (33.745%))
  Logic Levels:           2  (LUT6=1 OBUF=1)
  Clock Uncertainty:      0.025ns  ((TSJ^2 + TIJ^2)^1/2 + DJ) / 2 + PE
    Total System Jitter     (TSJ):    0.050ns
    Total Input Jitter      (TIJ):    0.000ns
    Discrete Jitter          (DJ):    0.000ns
    Phase Error              (PE):    0.000ns

    Location             Delay type                Incr(ns)  Path(ns)    Netlist Resource(s)
  -------------------------------------------------------------------    -------------------
                         (clock sys_clk_pin rise edge)
                                                      0.000     0.000 r  <hidden>
    W5                                                0.000     0.000 r  clk
                         net (fo=0)                   0.000     0.000    clk
    W5                   IBUF (Prop_ibuf_I_O)         0.226     0.226 r  clk_IBUF_inst/O
                         net (fo=1, routed)           0.631     0.858    clk_IBUF
    BUFGCTRL_X0Y0        BUFG (Prop_bufg_I_O)         0.026     0.884 r  clk_IBUF_BUFG_inst/O
                         net (fo=58, routed)          0.595     1.478    machine/CLK
    SLICE_X62Y46         FDCE                                         r  machine/FSM_onehot_current_state_reg[5]/C
  -------------------------------------------------------------------    -------------------
    SLICE_X62Y46         FDCE (Prop_fdce_C_Q)         0.141     1.619 f  machine/FSM_onehot_current_state_reg[5]/Q
                         net (fo=13, routed)          0.241     1.860    machine/FSM_onehot_current_state_reg_n_0_[5]
    SLICE_X64Y47         LUT6 (Prop_lut6_I3_O)        0.045     1.905 r  machine/OpCodeCheck_OBUF[2]_inst_i_1/O
                         net (fo=11, routed)          0.479     2.383    OpCodeCheck_OBUF[2]
    W3                   OBUF (Prop_obuf_I_O)         1.226     3.610 r  OpCodeCheck_OBUF[2]_inst/O
                         net (fo=0)                   0.000     3.610    OpCodeCheck[2]
    W3                                                                r  OpCodeCheck[2]
  -------------------------------------------------------------------    -------------------

Slack:                    inf
  Source:                 machine/FSM_onehot_current_state_reg[5]/C
                            (rising edge-triggered cell FDCE clocked by sys_clk_pin  {rise@0.000ns fall@5.000ns period=10.000ns})
  Destination:            OpCodeCheck[3]
                            (output port)
  Path Group:             (none)
  Path Type:              Min at Fast Process Corner
  Data Path Delay:        2.168ns  (logic 1.391ns (64.164%)  route 0.777ns (35.836%))
  Logic Levels:           2  (LUT6=1 OBUF=1)
  Clock Uncertainty:      0.025ns  ((TSJ^2 + TIJ^2)^1/2 + DJ) / 2 + PE
    Total System Jitter     (TSJ):    0.050ns
    Total Input Jitter      (TIJ):    0.000ns
    Discrete Jitter          (DJ):    0.000ns
    Phase Error              (PE):    0.000ns

    Location             Delay type                Incr(ns)  Path(ns)    Netlist Resource(s)
  -------------------------------------------------------------------    -------------------
                         (clock sys_clk_pin rise edge)
                                                      0.000     0.000 r  <hidden>
    W5                                                0.000     0.000 r  clk
                         net (fo=0)                   0.000     0.000    clk
    W5                   IBUF (Prop_ibuf_I_O)         0.226     0.226 r  clk_IBUF_inst/O
                         net (fo=1, routed)           0.631     0.858    clk_IBUF
    BUFGCTRL_X0Y0        BUFG (Prop_bufg_I_O)         0.026     0.884 r  clk_IBUF_BUFG_inst/O
                         net (fo=58, routed)          0.595     1.478    machine/CLK
    SLICE_X62Y46         FDCE                                         r  machine/FSM_onehot_current_state_reg[5]/C
  -------------------------------------------------------------------    -------------------
    SLICE_X62Y46         FDCE (Prop_fdce_C_Q)         0.141     1.619 f  machine/FSM_onehot_current_state_reg[5]/Q
                         net (fo=13, routed)          0.263     1.882    machine/FSM_onehot_current_state_reg_n_0_[5]
    SLICE_X65Y45         LUT6 (Prop_lut6_I3_O)        0.045     1.927 r  machine/OpCodeCheck_OBUF[3]_inst_i_1/O
                         net (fo=5, routed)           0.514     2.441    OpCodeCheck_OBUF[3]
    U3                   OBUF (Prop_obuf_I_O)         1.205     3.646 r  OpCodeCheck_OBUF[3]_inst/O
                         net (fo=0)                   0.000     3.646    OpCodeCheck[3]
    U3                                                                r  OpCodeCheck[3]
  -------------------------------------------------------------------    -------------------

Slack:                    inf
  Source:                 ALU/result_reg[1]/C
                            (rising edge-triggered cell FDCE clocked by sys_clk_pin  {rise@0.000ns fall@5.000ns period=10.000ns})
  Destination:            Led[1]
                            (output port)
  Path Group:             (none)
  Path Type:              Min at Fast Process Corner
  Data Path Delay:        2.191ns  (logic 1.439ns (65.685%)  route 0.752ns (34.315%))
  Logic Levels:           2  (LUT6=1 OBUF=1)
  Clock Uncertainty:      0.025ns  ((TSJ^2 + TIJ^2)^1/2 + DJ) / 2 + PE
    Total System Jitter     (TSJ):    0.050ns
    Total Input Jitter      (TIJ):    0.000ns
    Discrete Jitter          (DJ):    0.000ns
    Phase Error              (PE):    0.000ns

    Location             Delay type                Incr(ns)  Path(ns)    Netlist Resource(s)
  -------------------------------------------------------------------    -------------------
                         (clock sys_clk_pin rise edge)
                                                      0.000     0.000 r  <hidden>
    W5                                                0.000     0.000 r  clk
                         net (fo=0)                   0.000     0.000    clk
    W5                   IBUF (Prop_ibuf_I_O)         0.226     0.226 r  clk_IBUF_inst/O
                         net (fo=1, routed)           0.631     0.858    clk_IBUF
    BUFGCTRL_X0Y0        BUFG (Prop_bufg_I_O)         0.026     0.884 r  clk_IBUF_BUFG_inst/O
                         net (fo=58, routed)          0.594     1.477    ALU/CLK
    SLICE_X60Y45         FDCE                                         r  ALU/result_reg[1]/C
  -------------------------------------------------------------------    -------------------
    SLICE_X60Y45         FDCE (Prop_fdce_C_Q)         0.164     1.641 r  ALU/result_reg[1]/Q
                         net (fo=8, routed)           0.106     1.747    ALU/result_reg[7]_0[1]
    SLICE_X61Y45         LUT6 (Prop_lut6_I4_O)        0.045     1.792 r  ALU/Led_OBUF[1]_inst_i_1/O
                         net (fo=1, routed)           0.645     2.438    Led_OBUF[1]
    W6                   OBUF (Prop_obuf_I_O)         1.230     3.668 r  Led_OBUF[1]_inst/O
                         net (fo=0)                   0.000     3.668    Led[1]
    W6                                                                r  Led[1]
  -------------------------------------------------------------------    -------------------

Slack:                    inf
  Source:                 ALU/result_reg[3]/C
                            (rising edge-triggered cell FDCE clocked by sys_clk_pin  {rise@0.000ns fall@5.000ns period=10.000ns})
  Destination:            Led[0]
                            (output port)
  Path Group:             (none)
  Path Type:              Min at Fast Process Corner
  Data Path Delay:        2.275ns  (logic 1.398ns (61.429%)  route 0.878ns (38.571%))
  Logic Levels:           2  (LUT6=1 OBUF=1)
  Clock Uncertainty:      0.025ns  ((TSJ^2 + TIJ^2)^1/2 + DJ) / 2 + PE
    Total System Jitter     (TSJ):    0.050ns
    Total Input Jitter      (TIJ):    0.000ns
    Discrete Jitter          (DJ):    0.000ns
    Phase Error              (PE):    0.000ns

    Location             Delay type                Incr(ns)  Path(ns)    Netlist Resource(s)
  -------------------------------------------------------------------    -------------------
                         (clock sys_clk_pin rise edge)
                                                      0.000     0.000 r  <hidden>
    W5                                                0.000     0.000 r  clk
                         net (fo=0)                   0.000     0.000    clk
    W5                   IBUF (Prop_ibuf_I_O)         0.226     0.226 r  clk_IBUF_inst/O
                         net (fo=1, routed)           0.631     0.858    clk_IBUF
    BUFGCTRL_X0Y0        BUFG (Prop_bufg_I_O)         0.026     0.884 r  clk_IBUF_BUFG_inst/O
                         net (fo=58, routed)          0.594     1.477    ALU/CLK
    SLICE_X61Y45         FDCE                                         r  ALU/result_reg[3]/C
  -------------------------------------------------------------------    -------------------
    SLICE_X61Y45         FDCE (Prop_fdce_C_Q)         0.141     1.618 f  ALU/result_reg[3]/Q
                         net (fo=6, routed)           0.250     1.869    ALU/result_reg[7]_0[3]
    SLICE_X61Y44         LUT6 (Prop_lut6_I1_O)        0.045     1.914 r  ALU/Led_OBUF[0]_inst_i_1/O
                         net (fo=1, routed)           0.627     2.541    Led_OBUF[0]
    W7                   OBUF (Prop_obuf_I_O)         1.212     3.753 r  Led_OBUF[0]_inst/O
                         net (fo=0)                   0.000     3.753    Led[0]
    W7                                                                r  Led[0]
  -------------------------------------------------------------------    -------------------

Slack:                    inf
  Source:                 ALU/result_reg[4]/C
                            (rising edge-triggered cell FDCE clocked by sys_clk_pin  {rise@0.000ns fall@5.000ns period=10.000ns})
  Destination:            Led[3]
                            (output port)
  Path Group:             (none)
  Path Type:              Min at Fast Process Corner
  Data Path Delay:        2.290ns  (logic 1.422ns (62.115%)  route 0.868ns (37.885%))
  Logic Levels:           2  (LUT6=1 OBUF=1)
  Clock Uncertainty:      0.025ns  ((TSJ^2 + TIJ^2)^1/2 + DJ) / 2 + PE
    Total System Jitter     (TSJ):    0.050ns
    Total Input Jitter      (TIJ):    0.000ns
    Discrete Jitter          (DJ):    0.000ns
    Phase Error              (PE):    0.000ns

    Location             Delay type                Incr(ns)  Path(ns)    Netlist Resource(s)
  -------------------------------------------------------------------    -------------------
                         (clock sys_clk_pin rise edge)
                                                      0.000     0.000 r  <hidden>
    W5                                                0.000     0.000 r  clk
                         net (fo=0)                   0.000     0.000    clk
    W5                   IBUF (Prop_ibuf_I_O)         0.226     0.226 r  clk_IBUF_inst/O
                         net (fo=1, routed)           0.631     0.858    clk_IBUF
    BUFGCTRL_X0Y0        BUFG (Prop_bufg_I_O)         0.026     0.884 r  clk_IBUF_BUFG_inst/O
                         net (fo=58, routed)          0.594     1.477    ALU/CLK
    SLICE_X61Y45         FDCE                                         r  ALU/result_reg[4]/C
  -------------------------------------------------------------------    -------------------
    SLICE_X61Y45         FDCE (Prop_fdce_C_Q)         0.141     1.618 r  ALU/result_reg[4]/Q
                         net (fo=7, routed)           0.101     1.719    ALU/result_reg[7]_0[4]
    SLICE_X60Y45         LUT6 (Prop_lut6_I4_O)        0.045     1.764 r  ALU/Led_OBUF[3]_inst_i_1/O
                         net (fo=1, routed)           0.767     2.531    Led_OBUF[3]
    V8                   OBUF (Prop_obuf_I_O)         1.236     3.767 r  Led_OBUF[3]_inst/O
                         net (fo=0)                   0.000     3.767    Led[3]
    V8                                                                r  Led[3]
  -------------------------------------------------------------------    -------------------

Slack:                    inf
  Source:                 ALU/result_reg[4]/C
                            (rising edge-triggered cell FDCE clocked by sys_clk_pin  {rise@0.000ns fall@5.000ns period=10.000ns})
  Destination:            Led[2]
                            (output port)
  Path Group:             (none)
  Path Type:              Min at Fast Process Corner
  Data Path Delay:        2.311ns  (logic 1.422ns (61.534%)  route 0.889ns (38.466%))
  Logic Levels:           2  (LUT6=1 OBUF=1)
  Clock Uncertainty:      0.025ns  ((TSJ^2 + TIJ^2)^1/2 + DJ) / 2 + PE
    Total System Jitter     (TSJ):    0.050ns
    Total Input Jitter      (TIJ):    0.000ns
    Discrete Jitter          (DJ):    0.000ns
    Phase Error              (PE):    0.000ns

    Location             Delay type                Incr(ns)  Path(ns)    Netlist Resource(s)
  -------------------------------------------------------------------    -------------------
                         (clock sys_clk_pin rise edge)
                                                      0.000     0.000 r  <hidden>
    W5                                                0.000     0.000 r  clk
                         net (fo=0)                   0.000     0.000    clk
    W5                   IBUF (Prop_ibuf_I_O)         0.226     0.226 r  clk_IBUF_inst/O
                         net (fo=1, routed)           0.631     0.858    clk_IBUF
    BUFGCTRL_X0Y0        BUFG (Prop_bufg_I_O)         0.026     0.884 r  clk_IBUF_BUFG_inst/O
                         net (fo=58, routed)          0.594     1.477    ALU/CLK
    SLICE_X61Y45         FDCE                                         r  ALU/result_reg[4]/C
  -------------------------------------------------------------------    -------------------
    SLICE_X61Y45         FDCE (Prop_fdce_C_Q)         0.141     1.618 r  ALU/result_reg[4]/Q
                         net (fo=7, routed)           0.186     1.804    ALU/result_reg[7]_0[4]
    SLICE_X60Y45         LUT6 (Prop_lut6_I0_O)        0.045     1.849 r  ALU/Led_OBUF[2]_inst_i_1/O
                         net (fo=1, routed)           0.703     2.552    Led_OBUF[2]
    U8                   OBUF (Prop_obuf_I_O)         1.236     3.788 r  Led_OBUF[2]_inst/O
                         net (fo=0)                   0.000     3.788    Led[2]
    U8                                                                r  Led[2]
  -------------------------------------------------------------------    -------------------

Slack:                    inf
  Source:                 ALU/result_reg[3]/C
                            (rising edge-triggered cell FDCE clocked by sys_clk_pin  {rise@0.000ns fall@5.000ns period=10.000ns})
  Destination:            Led[5]
                            (output port)
  Path Group:             (none)
  Path Type:              Min at Fast Process Corner
  Data Path Delay:        2.346ns  (logic 1.392ns (59.327%)  route 0.954ns (40.674%))
  Logic Levels:           2  (LUT6=1 OBUF=1)
  Clock Uncertainty:      0.025ns  ((TSJ^2 + TIJ^2)^1/2 + DJ) / 2 + PE
    Total System Jitter     (TSJ):    0.050ns
    Total Input Jitter      (TIJ):    0.000ns
    Discrete Jitter          (DJ):    0.000ns
    Phase Error              (PE):    0.000ns

    Location             Delay type                Incr(ns)  Path(ns)    Netlist Resource(s)
  -------------------------------------------------------------------    -------------------
                         (clock sys_clk_pin rise edge)
                                                      0.000     0.000 r  <hidden>
    W5                                                0.000     0.000 r  clk
                         net (fo=0)                   0.000     0.000    clk
    W5                   IBUF (Prop_ibuf_I_O)         0.226     0.226 r  clk_IBUF_inst/O
                         net (fo=1, routed)           0.631     0.858    clk_IBUF
    BUFGCTRL_X0Y0        BUFG (Prop_bufg_I_O)         0.026     0.884 r  clk_IBUF_BUFG_inst/O
                         net (fo=58, routed)          0.594     1.477    ALU/CLK
    SLICE_X61Y45         FDCE                                         r  ALU/result_reg[3]/C
  -------------------------------------------------------------------    -------------------
    SLICE_X61Y45         FDCE (Prop_fdce_C_Q)         0.141     1.618 r  ALU/result_reg[3]/Q
                         net (fo=6, routed)           0.179     1.798    ALU/result_reg[7]_0[3]
    SLICE_X60Y44         LUT6 (Prop_lut6_I3_O)        0.045     1.843 r  ALU/Led_OBUF[5]_inst_i_1/O
                         net (fo=1, routed)           0.775     2.617    Led_OBUF[5]
    V5                   OBUF (Prop_obuf_I_O)         1.206     3.823 r  Led_OBUF[5]_inst/O
                         net (fo=0)                   0.000     3.823    Led[5]
    V5                                                                r  Led[5]
  -------------------------------------------------------------------    -------------------

Slack:                    inf
  Source:                 machine/FSM_onehot_current_state_reg[6]/C
                            (rising edge-triggered cell FDCE clocked by sys_clk_pin  {rise@0.000ns fall@5.000ns period=10.000ns})
  Destination:            OpCodeCheck[4]
                            (output port)
  Path Group:             (none)
  Path Type:              Min at Fast Process Corner
  Data Path Delay:        2.362ns  (logic 1.405ns (59.495%)  route 0.957ns (40.505%))
  Logic Levels:           2  (LUT6=1 OBUF=1)
  Clock Uncertainty:      0.025ns  ((TSJ^2 + TIJ^2)^1/2 + DJ) / 2 + PE
    Total System Jitter     (TSJ):    0.050ns
    Total Input Jitter      (TIJ):    0.000ns
    Discrete Jitter          (DJ):    0.000ns
    Phase Error              (PE):    0.000ns

    Location             Delay type                Incr(ns)  Path(ns)    Netlist Resource(s)
  -------------------------------------------------------------------    -------------------
                         (clock sys_clk_pin rise edge)
                                                      0.000     0.000 r  <hidden>
    W5                                                0.000     0.000 r  clk
                         net (fo=0)                   0.000     0.000    clk
    W5                   IBUF (Prop_ibuf_I_O)         0.226     0.226 r  clk_IBUF_inst/O
                         net (fo=1, routed)           0.631     0.858    clk_IBUF
    BUFGCTRL_X0Y0        BUFG (Prop_bufg_I_O)         0.026     0.884 r  clk_IBUF_BUFG_inst/O
                         net (fo=58, routed)          0.595     1.478    machine/CLK
    SLICE_X62Y46         FDCE                                         r  machine/FSM_onehot_current_state_reg[6]/C
  -------------------------------------------------------------------    -------------------
    SLICE_X62Y46         FDCE (Prop_fdce_C_Q)         0.141     1.619 r  machine/FSM_onehot_current_state_reg[6]/Q
                         net (fo=13, routed)          0.196     1.815    machine/FSM_onehot_current_state_reg_n_0_[6]
    SLICE_X64Y45         LUT6 (Prop_lut6_I2_O)        0.045     1.860 r  machine/OpCodeCheck_OBUF[4]_inst_i_1/O
                         net (fo=11, routed)          0.761     2.621    OpCodeCheck_OBUF[4]
    P3                   OBUF (Prop_obuf_I_O)         1.219     3.840 r  OpCodeCheck_OBUF[4]_inst/O
                         net (fo=0)                   0.000     3.840    OpCodeCheck[4]
    P3                                                                r  OpCodeCheck[4]
  -------------------------------------------------------------------    -------------------





--------------------------------------------------------------------------------------
Path Group:  (none)
From Clock:  
  To Clock:  sys_clk_pin

Max Delay            80 Endpoints
Min Delay            80 Endpoints
--------------------------------------------------------------------------------------


Max Delay Paths
--------------------------------------------------------------------------------------
Slack:                    inf
  Source:                 Enable_Decoder
                            (input port)
  Destination:            ALU/result_reg[6]_lopt_replica/D
                            (rising edge-triggered cell FDCE clocked by sys_clk_pin  {rise@0.000ns fall@5.000ns period=10.000ns})
  Path Group:             (none)
  Path Type:              Setup (Max at Slow Process Corner)
  Data Path Delay:        9.837ns  (logic 2.177ns (22.134%)  route 7.659ns (77.866%))
  Logic Levels:           5  (IBUF=1 LUT4=3 LUT6=1)
  Clock Path Skew:        4.794ns (DCD - SCD + CPR)
    Destination Clock Delay (DCD):    4.794ns
    Source Clock Delay      (SCD):    0.000ns
    Clock Pessimism Removal (CPR):    0.000ns
  Clock Uncertainty:      0.025ns  ((TSJ^2 + TIJ^2)^1/2 + DJ) / 2 + PE
    Total System Jitter     (TSJ):    0.050ns
    Total Input Jitter      (TIJ):    0.000ns
    Discrete Jitter          (DJ):    0.000ns
    Phase Error              (PE):    0.000ns

    Location             Delay type                Incr(ns)  Path(ns)    Netlist Resource(s)
  -------------------------------------------------------------------    -------------------
    W19                                               0.000     0.000 f  Enable_Decoder
                         net (fo=0)                   0.000     0.000    Enable_Decoder
    W19                  IBUF (Prop_ibuf_I_O)         1.451     1.451 f  Enable_Decoder_IBUF_inst/O
                         net (fo=8, routed)           4.366     5.817    machine/Enable_Decoder_IBUF
    SLICE_X64Y45         LUT6 (Prop_lut6_I4_O)        0.124     5.941 f  machine/OpCodeCheck_OBUF[0]_inst_i_1/O
                         net (fo=11, routed)          1.048     6.989    ALU/OpCodeCheck_OBUF[0]
    SLICE_X60Y46         LUT4 (Prop_lut4_I0_O)        0.150     7.139 f  ALU/result_inferred__0/i___0/O
                         net (fo=1, routed)           0.452     7.591    ALU/result_inferred__0/i___0_n_0
    SLICE_X60Y46         LUT4 (Prop_lut4_I1_O)        0.328     7.919 r  ALU/result_inferred__0/i___3/O
                         net (fo=8, routed)           0.921     8.840    machine/result_reg[1]
    SLICE_X65Y47         LUT4 (Prop_lut4_I0_O)        0.124     8.964 r  machine/result[6]_i_1/O
                         net (fo=2, routed)           0.872     9.837    ALU/D[6]
    SLICE_X56Y45         FDCE                                         r  ALU/result_reg[6]_lopt_replica/D
  -------------------------------------------------------------------    -------------------

                         (clock sys_clk_pin rise edge)
                                                      0.000     0.000 r  <hidden>
    W5                                                0.000     0.000 r  clk
                         net (fo=0)                   0.000     0.000    clk
    W5                   IBUF (Prop_ibuf_I_O)         1.388     1.388 r  clk_IBUF_inst/O
                         net (fo=1, routed)           1.862     3.250    clk_IBUF
    BUFGCTRL_X0Y0        BUFG (Prop_bufg_I_O)         0.091     3.341 r  clk_IBUF_BUFG_inst/O
                         net (fo=58, routed)          1.453     4.794    ALU/CLK
    SLICE_X56Y45         FDCE                                         r  ALU/result_reg[6]_lopt_replica/C

Slack:                    inf
  Source:                 Enable_Decoder
                            (input port)
  Destination:            ALU/result_reg[4]_lopt_replica/D
                            (rising edge-triggered cell FDCE clocked by sys_clk_pin  {rise@0.000ns fall@5.000ns period=10.000ns})
  Path Group:             (none)
  Path Type:              Setup (Max at Slow Process Corner)
  Data Path Delay:        9.637ns  (logic 2.177ns (22.592%)  route 7.460ns (77.408%))
  Logic Levels:           5  (IBUF=1 LUT4=2 LUT5=1 LUT6=1)
  Clock Path Skew:        4.794ns (DCD - SCD + CPR)
    Destination Clock Delay (DCD):    4.794ns
    Source Clock Delay      (SCD):    0.000ns
    Clock Pessimism Removal (CPR):    0.000ns
  Clock Uncertainty:      0.025ns  ((TSJ^2 + TIJ^2)^1/2 + DJ) / 2 + PE
    Total System Jitter     (TSJ):    0.050ns
    Total Input Jitter      (TIJ):    0.000ns
    Discrete Jitter          (DJ):    0.000ns
    Phase Error              (PE):    0.000ns

    Location             Delay type                Incr(ns)  Path(ns)    Netlist Resource(s)
  -------------------------------------------------------------------    -------------------
    W19                                               0.000     0.000 f  Enable_Decoder
                         net (fo=0)                   0.000     0.000    Enable_Decoder
    W19                  IBUF (Prop_ibuf_I_O)         1.451     1.451 f  Enable_Decoder_IBUF_inst/O
                         net (fo=8, routed)           4.366     5.817    machine/Enable_Decoder_IBUF
    SLICE_X64Y45         LUT6 (Prop_lut6_I4_O)        0.124     5.941 f  machine/OpCodeCheck_OBUF[0]_inst_i_1/O
                         net (fo=11, routed)          1.048     6.989    ALU/OpCodeCheck_OBUF[0]
    SLICE_X60Y46         LUT4 (Prop_lut4_I0_O)        0.150     7.139 f  ALU/result_inferred__0/i___0/O
                         net (fo=1, routed)           0.452     7.591    ALU/result_inferred__0/i___0_n_0
    SLICE_X60Y46         LUT4 (Prop_lut4_I1_O)        0.328     7.919 r  ALU/result_inferred__0/i___3/O
                         net (fo=8, routed)           0.668     8.586    machine/result_reg[1]
    SLICE_X61Y47         LUT5 (Prop_lut5_I0_O)        0.124     8.710 r  machine/result[4]_i_1/O
                         net (fo=2, routed)           0.927     9.637    ALU/D[4]
    SLICE_X56Y45         FDCE                                         r  ALU/result_reg[4]_lopt_replica/D
  -------------------------------------------------------------------    -------------------

                         (clock sys_clk_pin rise edge)
                                                      0.000     0.000 r  <hidden>
    W5                                                0.000     0.000 r  clk
                         net (fo=0)                   0.000     0.000    clk
    W5                   IBUF (Prop_ibuf_I_O)         1.388     1.388 r  clk_IBUF_inst/O
                         net (fo=1, routed)           1.862     3.250    clk_IBUF
    BUFGCTRL_X0Y0        BUFG (Prop_bufg_I_O)         0.091     3.341 r  clk_IBUF_BUFG_inst/O
                         net (fo=58, routed)          1.453     4.794    ALU/CLK
    SLICE_X56Y45         FDCE                                         r  ALU/result_reg[4]_lopt_replica/C

Slack:                    inf
  Source:                 Enable_Decoder
                            (input port)
  Destination:            ALU/result_reg[6]/D
                            (rising edge-triggered cell FDCE clocked by sys_clk_pin  {rise@0.000ns fall@5.000ns period=10.000ns})
  Path Group:             (none)
  Path Type:              Setup (Max at Slow Process Corner)
  Data Path Delay:        9.617ns  (logic 2.177ns (22.639%)  route 7.440ns (77.361%))
  Logic Levels:           5  (IBUF=1 LUT4=3 LUT6=1)
  Clock Path Skew:        4.859ns (DCD - SCD + CPR)
    Destination Clock Delay (DCD):    4.859ns
    Source Clock Delay      (SCD):    0.000ns
    Clock Pessimism Removal (CPR):    0.000ns
  Clock Uncertainty:      0.025ns  ((TSJ^2 + TIJ^2)^1/2 + DJ) / 2 + PE
    Total System Jitter     (TSJ):    0.050ns
    Total Input Jitter      (TIJ):    0.000ns
    Discrete Jitter          (DJ):    0.000ns
    Phase Error              (PE):    0.000ns

    Location             Delay type                Incr(ns)  Path(ns)    Netlist Resource(s)
  -------------------------------------------------------------------    -------------------
    W19                                               0.000     0.000 f  Enable_Decoder
                         net (fo=0)                   0.000     0.000    Enable_Decoder
    W19                  IBUF (Prop_ibuf_I_O)         1.451     1.451 f  Enable_Decoder_IBUF_inst/O
                         net (fo=8, routed)           4.366     5.817    machine/Enable_Decoder_IBUF
    SLICE_X64Y45         LUT6 (Prop_lut6_I4_O)        0.124     5.941 f  machine/OpCodeCheck_OBUF[0]_inst_i_1/O
                         net (fo=11, routed)          1.048     6.989    ALU/OpCodeCheck_OBUF[0]
    SLICE_X60Y46         LUT4 (Prop_lut4_I0_O)        0.150     7.139 f  ALU/result_inferred__0/i___0/O
                         net (fo=1, routed)           0.452     7.591    ALU/result_inferred__0/i___0_n_0
    SLICE_X60Y46         LUT4 (Prop_lut4_I1_O)        0.328     7.919 r  ALU/result_inferred__0/i___3/O
                         net (fo=8, routed)           0.921     8.840    machine/result_reg[1]
    SLICE_X65Y47         LUT4 (Prop_lut4_I0_O)        0.124     8.964 r  machine/result[6]_i_1/O
                         net (fo=2, routed)           0.653     9.617    ALU/D[6]
    SLICE_X61Y45         FDCE                                         r  ALU/result_reg[6]/D
  -------------------------------------------------------------------    -------------------

                         (clock sys_clk_pin rise edge)
                                                      0.000     0.000 r  <hidden>
    W5                                                0.000     0.000 r  clk
                         net (fo=0)                   0.000     0.000    clk
    W5                   IBUF (Prop_ibuf_I_O)         1.388     1.388 r  clk_IBUF_inst/O
                         net (fo=1, routed)           1.862     3.250    clk_IBUF
    BUFGCTRL_X0Y0        BUFG (Prop_bufg_I_O)         0.091     3.341 r  clk_IBUF_BUFG_inst/O
                         net (fo=58, routed)          1.518     4.859    ALU/CLK
    SLICE_X61Y45         FDCE                                         r  ALU/result_reg[6]/C

Slack:                    inf
  Source:                 Enable_Decoder
                            (input port)
  Destination:            ALU/result_reg[2]_lopt_replica/D
                            (rising edge-triggered cell FDCE clocked by sys_clk_pin  {rise@0.000ns fall@5.000ns period=10.000ns})
  Path Group:             (none)
  Path Type:              Setup (Max at Slow Process Corner)
  Data Path Delay:        9.481ns  (logic 2.177ns (22.965%)  route 7.303ns (77.035%))
  Logic Levels:           5  (IBUF=1 LUT4=2 LUT5=1 LUT6=1)
  Clock Path Skew:        4.859ns (DCD - SCD + CPR)
    Destination Clock Delay (DCD):    4.859ns
    Source Clock Delay      (SCD):    0.000ns
    Clock Pessimism Removal (CPR):    0.000ns
  Clock Uncertainty:      0.025ns  ((TSJ^2 + TIJ^2)^1/2 + DJ) / 2 + PE
    Total System Jitter     (TSJ):    0.050ns
    Total Input Jitter      (TIJ):    0.000ns
    Discrete Jitter          (DJ):    0.000ns
    Phase Error              (PE):    0.000ns

    Location             Delay type                Incr(ns)  Path(ns)    Netlist Resource(s)
  -------------------------------------------------------------------    -------------------
    W19                                               0.000     0.000 f  Enable_Decoder
                         net (fo=0)                   0.000     0.000    Enable_Decoder
    W19                  IBUF (Prop_ibuf_I_O)         1.451     1.451 f  Enable_Decoder_IBUF_inst/O
                         net (fo=8, routed)           4.366     5.817    machine/Enable_Decoder_IBUF
    SLICE_X64Y45         LUT6 (Prop_lut6_I4_O)        0.124     5.941 f  machine/OpCodeCheck_OBUF[0]_inst_i_1/O
                         net (fo=11, routed)          1.048     6.989    ALU/OpCodeCheck_OBUF[0]
    SLICE_X60Y46         LUT4 (Prop_lut4_I0_O)        0.150     7.139 f  ALU/result_inferred__0/i___0/O
                         net (fo=1, routed)           0.452     7.591    ALU/result_inferred__0/i___0_n_0
    SLICE_X60Y46         LUT4 (Prop_lut4_I1_O)        0.328     7.919 r  ALU/result_inferred__0/i___3/O
                         net (fo=8, routed)           0.665     8.584    machine/result_reg[1]
    SLICE_X60Y47         LUT5 (Prop_lut5_I0_O)        0.124     8.708 r  machine/result[2]_i_1/O
                         net (fo=2, routed)           0.773     9.481    ALU/D[2]
    SLICE_X60Y43         FDCE                                         r  ALU/result_reg[2]_lopt_replica/D
  -------------------------------------------------------------------    -------------------

                         (clock sys_clk_pin rise edge)
                                                      0.000     0.000 r  <hidden>
    W5                                                0.000     0.000 r  clk
                         net (fo=0)                   0.000     0.000    clk
    W5                   IBUF (Prop_ibuf_I_O)         1.388     1.388 r  clk_IBUF_inst/O
                         net (fo=1, routed)           1.862     3.250    clk_IBUF
    BUFGCTRL_X0Y0        BUFG (Prop_bufg_I_O)         0.091     3.341 r  clk_IBUF_BUFG_inst/O
                         net (fo=58, routed)          1.518     4.859    ALU/CLK
    SLICE_X60Y43         FDCE                                         r  ALU/result_reg[2]_lopt_replica/C

Slack:                    inf
  Source:                 Enable_Decoder
                            (input port)
  Destination:            ALU/result_reg[7]_lopt_replica/D
                            (rising edge-triggered cell FDCE clocked by sys_clk_pin  {rise@0.000ns fall@5.000ns period=10.000ns})
  Path Group:             (none)
  Path Type:              Setup (Max at Slow Process Corner)
  Data Path Delay:        9.395ns  (logic 2.177ns (23.174%)  route 7.218ns (76.826%))
  Logic Levels:           5  (IBUF=1 LUT4=3 LUT6=1)
  Clock Path Skew:        4.859ns (DCD - SCD + CPR)
    Destination Clock Delay (DCD):    4.859ns
    Source Clock Delay      (SCD):    0.000ns
    Clock Pessimism Removal (CPR):    0.000ns
  Clock Uncertainty:      0.025ns  ((TSJ^2 + TIJ^2)^1/2 + DJ) / 2 + PE
    Total System Jitter     (TSJ):    0.050ns
    Total Input Jitter      (TIJ):    0.000ns
    Discrete Jitter          (DJ):    0.000ns
    Phase Error              (PE):    0.000ns

    Location             Delay type                Incr(ns)  Path(ns)    Netlist Resource(s)
  -------------------------------------------------------------------    -------------------
    W19                                               0.000     0.000 f  Enable_Decoder
                         net (fo=0)                   0.000     0.000    Enable_Decoder
    W19                  IBUF (Prop_ibuf_I_O)         1.451     1.451 f  Enable_Decoder_IBUF_inst/O
                         net (fo=8, routed)           4.366     5.817    machine/Enable_Decoder_IBUF
    SLICE_X64Y45         LUT6 (Prop_lut6_I4_O)        0.124     5.941 f  machine/OpCodeCheck_OBUF[0]_inst_i_1/O
                         net (fo=11, routed)          1.048     6.989    ALU/OpCodeCheck_OBUF[0]
    SLICE_X60Y46         LUT4 (Prop_lut4_I0_O)        0.150     7.139 f  ALU/result_inferred__0/i___0/O
                         net (fo=1, routed)           0.452     7.591    ALU/result_inferred__0/i___0_n_0
    SLICE_X60Y46         LUT4 (Prop_lut4_I1_O)        0.328     7.919 r  ALU/result_inferred__0/i___3/O
                         net (fo=8, routed)           0.682     8.601    machine/result_reg[1]
    SLICE_X60Y47         LUT4 (Prop_lut4_I0_O)        0.124     8.725 r  machine/result[7]_i_1/O
                         net (fo=2, routed)           0.670     9.395    ALU/D[7]
    SLICE_X58Y45         FDCE                                         r  ALU/result_reg[7]_lopt_replica/D
  -------------------------------------------------------------------    -------------------

                         (clock sys_clk_pin rise edge)
                                                      0.000     0.000 r  <hidden>
    W5                                                0.000     0.000 r  clk
                         net (fo=0)                   0.000     0.000    clk
    W5                   IBUF (Prop_ibuf_I_O)         1.388     1.388 r  clk_IBUF_inst/O
                         net (fo=1, routed)           1.862     3.250    clk_IBUF
    BUFGCTRL_X0Y0        BUFG (Prop_bufg_I_O)         0.091     3.341 r  clk_IBUF_BUFG_inst/O
                         net (fo=58, routed)          1.518     4.859    ALU/CLK
    SLICE_X58Y45         FDCE                                         r  ALU/result_reg[7]_lopt_replica/C

Slack:                    inf
  Source:                 Enable_Decoder
                            (input port)
  Destination:            ALU/result_reg[2]/D
                            (rising edge-triggered cell FDCE clocked by sys_clk_pin  {rise@0.000ns fall@5.000ns period=10.000ns})
  Path Group:             (none)
  Path Type:              Setup (Max at Slow Process Corner)
  Data Path Delay:        9.341ns  (logic 2.177ns (23.309%)  route 7.163ns (76.691%))
  Logic Levels:           5  (IBUF=1 LUT4=2 LUT5=1 LUT6=1)
  Clock Path Skew:        4.859ns (DCD - SCD + CPR)
    Destination Clock Delay (DCD):    4.859ns
    Source Clock Delay      (SCD):    0.000ns
    Clock Pessimism Removal (CPR):    0.000ns
  Clock Uncertainty:      0.025ns  ((TSJ^2 + TIJ^2)^1/2 + DJ) / 2 + PE
    Total System Jitter     (TSJ):    0.050ns
    Total Input Jitter      (TIJ):    0.000ns
    Discrete Jitter          (DJ):    0.000ns
    Phase Error              (PE):    0.000ns

    Location             Delay type                Incr(ns)  Path(ns)    Netlist Resource(s)
  -------------------------------------------------------------------    -------------------
    W19                                               0.000     0.000 f  Enable_Decoder
                         net (fo=0)                   0.000     0.000    Enable_Decoder
    W19                  IBUF (Prop_ibuf_I_O)         1.451     1.451 f  Enable_Decoder_IBUF_inst/O
                         net (fo=8, routed)           4.366     5.817    machine/Enable_Decoder_IBUF
    SLICE_X64Y45         LUT6 (Prop_lut6_I4_O)        0.124     5.941 f  machine/OpCodeCheck_OBUF[0]_inst_i_1/O
                         net (fo=11, routed)          1.048     6.989    ALU/OpCodeCheck_OBUF[0]
    SLICE_X60Y46         LUT4 (Prop_lut4_I0_O)        0.150     7.139 f  ALU/result_inferred__0/i___0/O
                         net (fo=1, routed)           0.452     7.591    ALU/result_inferred__0/i___0_n_0
    SLICE_X60Y46         LUT4 (Prop_lut4_I1_O)        0.328     7.919 r  ALU/result_inferred__0/i___3/O
                         net (fo=8, routed)           0.665     8.584    machine/result_reg[1]
    SLICE_X60Y47         LUT5 (Prop_lut5_I0_O)        0.124     8.708 r  machine/result[2]_i_1/O
                         net (fo=2, routed)           0.633     9.341    ALU/D[2]
    SLICE_X60Y44         FDCE                                         r  ALU/result_reg[2]/D
  -------------------------------------------------------------------    -------------------

                         (clock sys_clk_pin rise edge)
                                                      0.000     0.000 r  <hidden>
    W5                                                0.000     0.000 r  clk
                         net (fo=0)                   0.000     0.000    clk
    W5                   IBUF (Prop_ibuf_I_O)         1.388     1.388 r  clk_IBUF_inst/O
                         net (fo=1, routed)           1.862     3.250    clk_IBUF
    BUFGCTRL_X0Y0        BUFG (Prop_bufg_I_O)         0.091     3.341 r  clk_IBUF_BUFG_inst/O
                         net (fo=58, routed)          1.518     4.859    ALU/CLK
    SLICE_X60Y44         FDCE                                         r  ALU/result_reg[2]/C

Slack:                    inf
  Source:                 Enable_Decoder
                            (input port)
  Destination:            ALU/result_reg[1]_lopt_replica/D
                            (rising edge-triggered cell FDCE clocked by sys_clk_pin  {rise@0.000ns fall@5.000ns period=10.000ns})
  Path Group:             (none)
  Path Type:              Setup (Max at Slow Process Corner)
  Data Path Delay:        9.335ns  (logic 2.177ns (23.322%)  route 7.158ns (76.678%))
  Logic Levels:           5  (IBUF=1 LUT4=2 LUT6=2)
  Clock Path Skew:        4.794ns (DCD - SCD + CPR)
    Destination Clock Delay (DCD):    4.794ns
    Source Clock Delay      (SCD):    0.000ns
    Clock Pessimism Removal (CPR):    0.000ns
  Clock Uncertainty:      0.025ns  ((TSJ^2 + TIJ^2)^1/2 + DJ) / 2 + PE
    Total System Jitter     (TSJ):    0.050ns
    Total Input Jitter      (TIJ):    0.000ns
    Discrete Jitter          (DJ):    0.000ns
    Phase Error              (PE):    0.000ns

    Location             Delay type                Incr(ns)  Path(ns)    Netlist Resource(s)
  -------------------------------------------------------------------    -------------------
    W19                                               0.000     0.000 f  Enable_Decoder
                         net (fo=0)                   0.000     0.000    Enable_Decoder
    W19                  IBUF (Prop_ibuf_I_O)         1.451     1.451 f  Enable_Decoder_IBUF_inst/O
                         net (fo=8, routed)           4.366     5.817    machine/Enable_Decoder_IBUF
    SLICE_X64Y45         LUT6 (Prop_lut6_I4_O)        0.124     5.941 f  machine/OpCodeCheck_OBUF[0]_inst_i_1/O
                         net (fo=11, routed)          1.048     6.989    ALU/OpCodeCheck_OBUF[0]
    SLICE_X60Y46         LUT4 (Prop_lut4_I0_O)        0.150     7.139 f  ALU/result_inferred__0/i___0/O
                         net (fo=1, routed)           0.452     7.591    ALU/result_inferred__0/i___0_n_0
    SLICE_X60Y46         LUT4 (Prop_lut4_I1_O)        0.328     7.919 r  ALU/result_inferred__0/i___3/O
                         net (fo=8, routed)           0.352     8.271    machine/result_reg[1]
    SLICE_X63Y46         LUT6 (Prop_lut6_I0_O)        0.124     8.395 r  machine/result[1]_i_1/O
                         net (fo=2, routed)           0.940     9.335    ALU/D[1]
    SLICE_X57Y45         FDCE                                         r  ALU/result_reg[1]_lopt_replica/D
  -------------------------------------------------------------------    -------------------

                         (clock sys_clk_pin rise edge)
                                                      0.000     0.000 r  <hidden>
    W5                                                0.000     0.000 r  clk
                         net (fo=0)                   0.000     0.000    clk
    W5                   IBUF (Prop_ibuf_I_O)         1.388     1.388 r  clk_IBUF_inst/O
                         net (fo=1, routed)           1.862     3.250    clk_IBUF
    BUFGCTRL_X0Y0        BUFG (Prop_bufg_I_O)         0.091     3.341 r  clk_IBUF_BUFG_inst/O
                         net (fo=58, routed)          1.453     4.794    ALU/CLK
    SLICE_X57Y45         FDCE                                         r  ALU/result_reg[1]_lopt_replica/C

Slack:                    inf
  Source:                 Enable_Decoder
                            (input port)
  Destination:            ALU/result_reg[0]/D
                            (rising edge-triggered cell FDCE clocked by sys_clk_pin  {rise@0.000ns fall@5.000ns period=10.000ns})
  Path Group:             (none)
  Path Type:              Setup (Max at Slow Process Corner)
  Data Path Delay:        9.324ns  (logic 2.177ns (23.351%)  route 7.147ns (76.649%))
  Logic Levels:           5  (IBUF=1 LUT4=2 LUT6=2)
  Clock Path Skew:        4.860ns (DCD - SCD + CPR)
    Destination Clock Delay (DCD):    4.860ns
    Source Clock Delay      (SCD):    0.000ns
    Clock Pessimism Removal (CPR):    0.000ns
  Clock Uncertainty:      0.025ns  ((TSJ^2 + TIJ^2)^1/2 + DJ) / 2 + PE
    Total System Jitter     (TSJ):    0.050ns
    Total Input Jitter      (TIJ):    0.000ns
    Discrete Jitter          (DJ):    0.000ns
    Phase Error              (PE):    0.000ns

    Location             Delay type                Incr(ns)  Path(ns)    Netlist Resource(s)
  -------------------------------------------------------------------    -------------------
    W19                                               0.000     0.000 f  Enable_Decoder
                         net (fo=0)                   0.000     0.000    Enable_Decoder
    W19                  IBUF (Prop_ibuf_I_O)         1.451     1.451 f  Enable_Decoder_IBUF_inst/O
                         net (fo=8, routed)           4.366     5.817    machine/Enable_Decoder_IBUF
    SLICE_X64Y45         LUT6 (Prop_lut6_I4_O)        0.124     5.941 f  machine/OpCodeCheck_OBUF[0]_inst_i_1/O
                         net (fo=11, routed)          1.048     6.989    ALU/OpCodeCheck_OBUF[0]
    SLICE_X60Y46         LUT4 (Prop_lut4_I0_O)        0.150     7.139 f  ALU/result_inferred__0/i___0/O
                         net (fo=1, routed)           0.452     7.591    ALU/result_inferred__0/i___0_n_0
    SLICE_X60Y46         LUT4 (Prop_lut4_I1_O)        0.328     7.919 r  ALU/result_inferred__0/i___3/O
                         net (fo=8, routed)           0.631     8.550    machine/result_reg[1]
    SLICE_X65Y46         LUT6 (Prop_lut6_I0_O)        0.124     8.674 r  machine/result[0]_i_1/O
                         net (fo=2, routed)           0.650     9.324    ALU/D[0]
    SLICE_X62Y44         FDCE                                         r  ALU/result_reg[0]/D
  -------------------------------------------------------------------    -------------------

                         (clock sys_clk_pin rise edge)
                                                      0.000     0.000 r  <hidden>
    W5                                                0.000     0.000 r  clk
                         net (fo=0)                   0.000     0.000    clk
    W5                   IBUF (Prop_ibuf_I_O)         1.388     1.388 r  clk_IBUF_inst/O
                         net (fo=1, routed)           1.862     3.250    clk_IBUF
    BUFGCTRL_X0Y0        BUFG (Prop_bufg_I_O)         0.091     3.341 r  clk_IBUF_BUFG_inst/O
                         net (fo=58, routed)          1.519     4.860    ALU/CLK
    SLICE_X62Y44         FDCE                                         r  ALU/result_reg[0]/C

Slack:                    inf
  Source:                 Enable_Decoder
                            (input port)
  Destination:            ALU/result_reg[4]/D
                            (rising edge-triggered cell FDCE clocked by sys_clk_pin  {rise@0.000ns fall@5.000ns period=10.000ns})
  Path Group:             (none)
  Path Type:              Setup (Max at Slow Process Corner)
  Data Path Delay:        9.269ns  (logic 2.177ns (23.489%)  route 7.092ns (76.511%))
  Logic Levels:           5  (IBUF=1 LUT4=2 LUT5=1 LUT6=1)
  Clock Path Skew:        4.859ns (DCD - SCD + CPR)
    Destination Clock Delay (DCD):    4.859ns
    Source Clock Delay      (SCD):    0.000ns
    Clock Pessimism Removal (CPR):    0.000ns
  Clock Uncertainty:      0.025ns  ((TSJ^2 + TIJ^2)^1/2 + DJ) / 2 + PE
    Total System Jitter     (TSJ):    0.050ns
    Total Input Jitter      (TIJ):    0.000ns
    Discrete Jitter          (DJ):    0.000ns
    Phase Error              (PE):    0.000ns

    Location             Delay type                Incr(ns)  Path(ns)    Netlist Resource(s)
  -------------------------------------------------------------------    -------------------
    W19                                               0.000     0.000 f  Enable_Decoder
                         net (fo=0)                   0.000     0.000    Enable_Decoder
    W19                  IBUF (Prop_ibuf_I_O)         1.451     1.451 f  Enable_Decoder_IBUF_inst/O
                         net (fo=8, routed)           4.366     5.817    machine/Enable_Decoder_IBUF
    SLICE_X64Y45         LUT6 (Prop_lut6_I4_O)        0.124     5.941 f  machine/OpCodeCheck_OBUF[0]_inst_i_1/O
                         net (fo=11, routed)          1.048     6.989    ALU/OpCodeCheck_OBUF[0]
    SLICE_X60Y46         LUT4 (Prop_lut4_I0_O)        0.150     7.139 f  ALU/result_inferred__0/i___0/O
                         net (fo=1, routed)           0.452     7.591    ALU/result_inferred__0/i___0_n_0
    SLICE_X60Y46         LUT4 (Prop_lut4_I1_O)        0.328     7.919 r  ALU/result_inferred__0/i___3/O
                         net (fo=8, routed)           0.668     8.586    machine/result_reg[1]
    SLICE_X61Y47         LUT5 (Prop_lut5_I0_O)        0.124     8.710 r  machine/result[4]_i_1/O
                         net (fo=2, routed)           0.559     9.269    ALU/D[4]
    SLICE_X61Y45         FDCE                                         r  ALU/result_reg[4]/D
  -------------------------------------------------------------------    -------------------

                         (clock sys_clk_pin rise edge)
                                                      0.000     0.000 r  <hidden>
    W5                                                0.000     0.000 r  clk
                         net (fo=0)                   0.000     0.000    clk
    W5                   IBUF (Prop_ibuf_I_O)         1.388     1.388 r  clk_IBUF_inst/O
                         net (fo=1, routed)           1.862     3.250    clk_IBUF
    BUFGCTRL_X0Y0        BUFG (Prop_bufg_I_O)         0.091     3.341 r  clk_IBUF_BUFG_inst/O
                         net (fo=58, routed)          1.518     4.859    ALU/CLK
    SLICE_X61Y45         FDCE                                         r  ALU/result_reg[4]/C

Slack:                    inf
  Source:                 Enable_Decoder
                            (input port)
  Destination:            ALU/result_reg[0]_lopt_replica/D
                            (rising edge-triggered cell FDCE clocked by sys_clk_pin  {rise@0.000ns fall@5.000ns period=10.000ns})
  Path Group:             (none)
  Path Type:              Setup (Max at Slow Process Corner)
  Data Path Delay:        9.223ns  (logic 2.177ns (23.608%)  route 7.045ns (76.392%))
  Logic Levels:           5  (IBUF=1 LUT4=2 LUT6=2)
  Clock Path Skew:        4.858ns (DCD - SCD + CPR)
    Destination Clock Delay (DCD):    4.858ns
    Source Clock Delay      (SCD):    0.000ns
    Clock Pessimism Removal (CPR):    0.000ns
  Clock Uncertainty:      0.025ns  ((TSJ^2 + TIJ^2)^1/2 + DJ) / 2 + PE
    Total System Jitter     (TSJ):    0.050ns
    Total Input Jitter      (TIJ):    0.000ns
    Discrete Jitter          (DJ):    0.000ns
    Phase Error              (PE):    0.000ns

    Location             Delay type                Incr(ns)  Path(ns)    Netlist Resource(s)
  -------------------------------------------------------------------    -------------------
    W19                                               0.000     0.000 f  Enable_Decoder
                         net (fo=0)                   0.000     0.000    Enable_Decoder
    W19                  IBUF (Prop_ibuf_I_O)         1.451     1.451 f  Enable_Decoder_IBUF_inst/O
                         net (fo=8, routed)           4.366     5.817    machine/Enable_Decoder_IBUF
    SLICE_X64Y45         LUT6 (Prop_lut6_I4_O)        0.124     5.941 f  machine/OpCodeCheck_OBUF[0]_inst_i_1/O
                         net (fo=11, routed)          1.048     6.989    ALU/OpCodeCheck_OBUF[0]
    SLICE_X60Y46         LUT4 (Prop_lut4_I0_O)        0.150     7.139 f  ALU/result_inferred__0/i___0/O
                         net (fo=1, routed)           0.452     7.591    ALU/result_inferred__0/i___0_n_0
    SLICE_X60Y46         LUT4 (Prop_lut4_I1_O)        0.328     7.919 r  ALU/result_inferred__0/i___3/O
                         net (fo=8, routed)           0.631     8.550    machine/result_reg[1]
    SLICE_X65Y46         LUT6 (Prop_lut6_I0_O)        0.124     8.674 r  machine/result[0]_i_1/O
                         net (fo=2, routed)           0.548     9.223    ALU/D[0]
    SLICE_X61Y42         FDCE                                         r  ALU/result_reg[0]_lopt_replica/D
  -------------------------------------------------------------------    -------------------

                         (clock sys_clk_pin rise edge)
                                                      0.000     0.000 r  <hidden>
    W5                                                0.000     0.000 r  clk
                         net (fo=0)                   0.000     0.000    clk
    W5                   IBUF (Prop_ibuf_I_O)         1.388     1.388 r  clk_IBUF_inst/O
                         net (fo=1, routed)           1.862     3.250    clk_IBUF
    BUFGCTRL_X0Y0        BUFG (Prop_bufg_I_O)         0.091     3.341 r  clk_IBUF_BUFG_inst/O
                         net (fo=58, routed)          1.517     4.858    ALU/CLK
    SLICE_X61Y42         FDCE                                         r  ALU/result_reg[0]_lopt_replica/C





Min Delay Paths
--------------------------------------------------------------------------------------
Slack:                    inf
  Source:                 B[3]
                            (input port)
  Destination:            RSU2/Q_reg[3]/D
                            (rising edge-triggered cell FDCE clocked by sys_clk_pin  {rise@0.000ns fall@5.000ns period=10.000ns})
  Path Group:             (none)
  Path Type:              Hold (Min at Fast Process Corner)
  Data Path Delay:        0.528ns  (logic 0.232ns (43.943%)  route 0.296ns (56.057%))
  Logic Levels:           1  (IBUF=1)
  Clock Path Skew:        1.993ns (DCD - SCD - CPR)
    Destination Clock Delay (DCD):    1.993ns
    Source Clock Delay      (SCD):    0.000ns
    Clock Pessimism Removal (CPR):    -0.000ns

    Location             Delay type                Incr(ns)  Path(ns)    Netlist Resource(s)
  -------------------------------------------------------------------    -------------------
    R3                                                0.000     0.000 r  B[3]
                         net (fo=0)                   0.000     0.000    B[3]
    R3                   IBUF (Prop_ibuf_I_O)         0.232     0.232 r  B_IBUF[3]_inst/O
                         net (fo=1, routed)           0.296     0.528    RSU2/D[3]
    SLICE_X64Y46         FDCE                                         r  RSU2/Q_reg[3]/D
  -------------------------------------------------------------------    -------------------

                         (clock sys_clk_pin rise edge)
                                                      0.000     0.000 r  <hidden>
    W5                                                0.000     0.000 r  clk
                         net (fo=0)                   0.000     0.000    clk
    W5                   IBUF (Prop_ibuf_I_O)         0.414     0.414 r  clk_IBUF_inst/O
                         net (fo=1, routed)           0.685     1.099    clk_IBUF
    BUFGCTRL_X0Y0        BUFG (Prop_bufg_I_O)         0.029     1.128 r  clk_IBUF_BUFG_inst/O
                         net (fo=58, routed)          0.866     1.993    RSU2/CLK
    SLICE_X64Y46         FDCE                                         r  RSU2/Q_reg[3]/C

Slack:                    inf
  Source:                 B[1]
                            (input port)
  Destination:            RSU2/Q_reg[1]/D
                            (rising edge-triggered cell FDCE clocked by sys_clk_pin  {rise@0.000ns fall@5.000ns period=10.000ns})
  Path Group:             (none)
  Path Type:              Hold (Min at Fast Process Corner)
  Data Path Delay:        0.560ns  (logic 0.220ns (39.345%)  route 0.340ns (60.655%))
  Logic Levels:           1  (IBUF=1)
  Clock Path Skew:        1.993ns (DCD - SCD - CPR)
    Destination Clock Delay (DCD):    1.993ns
    Source Clock Delay      (SCD):    0.000ns
    Clock Pessimism Removal (CPR):    -0.000ns

    Location             Delay type                Incr(ns)  Path(ns)    Netlist Resource(s)
  -------------------------------------------------------------------    -------------------
    T3                                                0.000     0.000 r  B[1]
                         net (fo=0)                   0.000     0.000    B[1]
    T3                   IBUF (Prop_ibuf_I_O)         0.220     0.220 r  B_IBUF[1]_inst/O
                         net (fo=1, routed)           0.340     0.560    RSU2/D[1]
    SLICE_X64Y46         FDCE                                         r  RSU2/Q_reg[1]/D
  -------------------------------------------------------------------    -------------------

                         (clock sys_clk_pin rise edge)
                                                      0.000     0.000 r  <hidden>
    W5                                                0.000     0.000 r  clk
                         net (fo=0)                   0.000     0.000    clk
    W5                   IBUF (Prop_ibuf_I_O)         0.414     0.414 r  clk_IBUF_inst/O
                         net (fo=1, routed)           0.685     1.099    clk_IBUF
    BUFGCTRL_X0Y0        BUFG (Prop_bufg_I_O)         0.029     1.128 r  clk_IBUF_BUFG_inst/O
                         net (fo=58, routed)          0.866     1.993    RSU2/CLK
    SLICE_X64Y46         FDCE                                         r  RSU2/Q_reg[1]/C

Slack:                    inf
  Source:                 B[6]
                            (input port)
  Destination:            RSU2/Q_reg[6]/D
                            (rising edge-triggered cell FDCE clocked by sys_clk_pin  {rise@0.000ns fall@5.000ns period=10.000ns})
  Path Group:             (none)
  Path Type:              Hold (Min at Fast Process Corner)
  Data Path Delay:        0.563ns  (logic 0.223ns (39.666%)  route 0.340ns (60.334%))
  Logic Levels:           1  (IBUF=1)
  Clock Path Skew:        1.993ns (DCD - SCD - CPR)
    Destination Clock Delay (DCD):    1.993ns
    Source Clock Delay      (SCD):    0.000ns
    Clock Pessimism Removal (CPR):    -0.000ns

    Location             Delay type                Incr(ns)  Path(ns)    Netlist Resource(s)
  -------------------------------------------------------------------    -------------------
    T1                                                0.000     0.000 r  B[6]
                         net (fo=0)                   0.000     0.000    B[6]
    T1                   IBUF (Prop_ibuf_I_O)         0.223     0.223 r  B_IBUF[6]_inst/O
                         net (fo=1, routed)           0.340     0.563    RSU2/D[6]
    SLICE_X64Y45         FDCE                                         r  RSU2/Q_reg[6]/D
  -------------------------------------------------------------------    -------------------

                         (clock sys_clk_pin rise edge)
                                                      0.000     0.000 r  <hidden>
    W5                                                0.000     0.000 r  clk
                         net (fo=0)                   0.000     0.000    clk
    W5                   IBUF (Prop_ibuf_I_O)         0.414     0.414 r  clk_IBUF_inst/O
                         net (fo=1, routed)           0.685     1.099    clk_IBUF
    BUFGCTRL_X0Y0        BUFG (Prop_bufg_I_O)         0.029     1.128 r  clk_IBUF_BUFG_inst/O
                         net (fo=58, routed)          0.866     1.993    RSU2/CLK
    SLICE_X64Y45         FDCE                                         r  RSU2/Q_reg[6]/C

Slack:                    inf
  Source:                 B[2]
                            (input port)
  Destination:            RSU2/Q_reg[2]/D
                            (rising edge-triggered cell FDCE clocked by sys_clk_pin  {rise@0.000ns fall@5.000ns period=10.000ns})
  Path Group:             (none)
  Path Type:              Hold (Min at Fast Process Corner)
  Data Path Delay:        0.566ns  (logic 0.226ns (39.898%)  route 0.340ns (60.102%))
  Logic Levels:           1  (IBUF=1)
  Clock Path Skew:        1.994ns (DCD - SCD - CPR)
    Destination Clock Delay (DCD):    1.994ns
    Source Clock Delay      (SCD):    0.000ns
    Clock Pessimism Removal (CPR):    -0.000ns

    Location             Delay type                Incr(ns)  Path(ns)    Netlist Resource(s)
  -------------------------------------------------------------------    -------------------
    T2                                                0.000     0.000 r  B[2]
                         net (fo=0)                   0.000     0.000    B[2]
    T2                   IBUF (Prop_ibuf_I_O)         0.226     0.226 r  B_IBUF[2]_inst/O
                         net (fo=1, routed)           0.340     0.566    RSU2/D[2]
    SLICE_X64Y47         FDCE                                         r  RSU2/Q_reg[2]/D
  -------------------------------------------------------------------    -------------------

                         (clock sys_clk_pin rise edge)
                                                      0.000     0.000 r  <hidden>
    W5                                                0.000     0.000 r  clk
                         net (fo=0)                   0.000     0.000    clk
    W5                   IBUF (Prop_ibuf_I_O)         0.414     0.414 r  clk_IBUF_inst/O
                         net (fo=1, routed)           0.685     1.099    clk_IBUF
    BUFGCTRL_X0Y0        BUFG (Prop_bufg_I_O)         0.029     1.128 r  clk_IBUF_BUFG_inst/O
                         net (fo=58, routed)          0.867     1.994    RSU2/CLK
    SLICE_X64Y47         FDCE                                         r  RSU2/Q_reg[2]/C

Slack:                    inf
  Source:                 B[5]
                            (input port)
  Destination:            RSU2/Q_reg[5]/D
                            (rising edge-triggered cell FDCE clocked by sys_clk_pin  {rise@0.000ns fall@5.000ns period=10.000ns})
  Path Group:             (none)
  Path Type:              Hold (Min at Fast Process Corner)
  Data Path Delay:        0.577ns  (logic 0.221ns (38.286%)  route 0.356ns (61.714%))
  Logic Levels:           1  (IBUF=1)
  Clock Path Skew:        1.993ns (DCD - SCD - CPR)
    Destination Clock Delay (DCD):    1.993ns
    Source Clock Delay      (SCD):    0.000ns
    Clock Pessimism Removal (CPR):    -0.000ns

    Location             Delay type                Incr(ns)  Path(ns)    Netlist Resource(s)
  -------------------------------------------------------------------    -------------------
    U1                                                0.000     0.000 r  B[5]
                         net (fo=0)                   0.000     0.000    B[5]
    U1                   IBUF (Prop_ibuf_I_O)         0.221     0.221 r  B_IBUF[5]_inst/O
                         net (fo=1, routed)           0.356     0.577    RSU2/D[5]
    SLICE_X64Y45         FDCE                                         r  RSU2/Q_reg[5]/D
  -------------------------------------------------------------------    -------------------

                         (clock sys_clk_pin rise edge)
                                                      0.000     0.000 r  <hidden>
    W5                                                0.000     0.000 r  clk
                         net (fo=0)                   0.000     0.000    clk
    W5                   IBUF (Prop_ibuf_I_O)         0.414     0.414 r  clk_IBUF_inst/O
                         net (fo=1, routed)           0.685     1.099    clk_IBUF
    BUFGCTRL_X0Y0        BUFG (Prop_bufg_I_O)         0.029     1.128 r  clk_IBUF_BUFG_inst/O
                         net (fo=58, routed)          0.866     1.993    RSU2/CLK
    SLICE_X64Y45         FDCE                                         r  RSU2/Q_reg[5]/C

Slack:                    inf
  Source:                 B[0]
                            (input port)
  Destination:            RSU2/Q_reg[0]/D
                            (rising edge-triggered cell FDCE clocked by sys_clk_pin  {rise@0.000ns fall@5.000ns period=10.000ns})
  Path Group:             (none)
  Path Type:              Hold (Min at Fast Process Corner)
  Data Path Delay:        0.593ns  (logic 0.223ns (37.514%)  route 0.371ns (62.486%))
  Logic Levels:           1  (IBUF=1)
  Clock Path Skew:        1.993ns (DCD - SCD - CPR)
    Destination Clock Delay (DCD):    1.993ns
    Source Clock Delay      (SCD):    0.000ns
    Clock Pessimism Removal (CPR):    -0.000ns

    Location             Delay type                Incr(ns)  Path(ns)    Netlist Resource(s)
  -------------------------------------------------------------------    -------------------
    V2                                                0.000     0.000 r  B[0]
                         net (fo=0)                   0.000     0.000    B[0]
    V2                   IBUF (Prop_ibuf_I_O)         0.223     0.223 r  B_IBUF[0]_inst/O
                         net (fo=1, routed)           0.371     0.593    RSU2/D[0]
    SLICE_X64Y43         FDCE                                         r  RSU2/Q_reg[0]/D
  -------------------------------------------------------------------    -------------------

                         (clock sys_clk_pin rise edge)
                                                      0.000     0.000 r  <hidden>
    W5                                                0.000     0.000 r  clk
                         net (fo=0)                   0.000     0.000    clk
    W5                   IBUF (Prop_ibuf_I_O)         0.414     0.414 r  clk_IBUF_inst/O
                         net (fo=1, routed)           0.685     1.099    clk_IBUF
    BUFGCTRL_X0Y0        BUFG (Prop_bufg_I_O)         0.029     1.128 r  clk_IBUF_BUFG_inst/O
                         net (fo=58, routed)          0.866     1.993    RSU2/CLK
    SLICE_X64Y43         FDCE                                         r  RSU2/Q_reg[0]/C

Slack:                    inf
  Source:                 B[7]
                            (input port)
  Destination:            RSU2/Q_reg[7]/D
                            (rising edge-triggered cell FDCE clocked by sys_clk_pin  {rise@0.000ns fall@5.000ns period=10.000ns})
  Path Group:             (none)
  Path Type:              Hold (Min at Fast Process Corner)
  Data Path Delay:        0.614ns  (logic 0.224ns (36.517%)  route 0.390ns (63.483%))
  Logic Levels:           1  (IBUF=1)
  Clock Path Skew:        1.994ns (DCD - SCD - CPR)
    Destination Clock Delay (DCD):    1.994ns
    Source Clock Delay      (SCD):    0.000ns
    Clock Pessimism Removal (CPR):    -0.000ns

    Location             Delay type                Incr(ns)  Path(ns)    Netlist Resource(s)
  -------------------------------------------------------------------    -------------------
    R2                                                0.000     0.000 r  B[7]
                         net (fo=0)                   0.000     0.000    B[7]
    R2                   IBUF (Prop_ibuf_I_O)         0.224     0.224 r  B_IBUF[7]_inst/O
                         net (fo=1, routed)           0.390     0.614    RSU2/D[7]
    SLICE_X64Y47         FDCE                                         r  RSU2/Q_reg[7]/D
  -------------------------------------------------------------------    -------------------

                         (clock sys_clk_pin rise edge)
                                                      0.000     0.000 r  <hidden>
    W5                                                0.000     0.000 r  clk
                         net (fo=0)                   0.000     0.000    clk
    W5                   IBUF (Prop_ibuf_I_O)         0.414     0.414 r  clk_IBUF_inst/O
                         net (fo=1, routed)           0.685     1.099    clk_IBUF
    BUFGCTRL_X0Y0        BUFG (Prop_bufg_I_O)         0.029     1.128 r  clk_IBUF_BUFG_inst/O
                         net (fo=58, routed)          0.867     1.994    RSU2/CLK
    SLICE_X64Y47         FDCE                                         r  RSU2/Q_reg[7]/C

Slack:                    inf
  Source:                 B[4]
                            (input port)
  Destination:            RSU2/Q_reg[4]/D
                            (rising edge-triggered cell FDCE clocked by sys_clk_pin  {rise@0.000ns fall@5.000ns period=10.000ns})
  Path Group:             (none)
  Path Type:              Hold (Min at Fast Process Corner)
  Data Path Delay:        0.701ns  (logic 0.237ns (33.736%)  route 0.465ns (66.264%))
  Logic Levels:           1  (IBUF=1)
  Clock Path Skew:        1.993ns (DCD - SCD - CPR)
    Destination Clock Delay (DCD):    1.993ns
    Source Clock Delay      (SCD):    0.000ns
    Clock Pessimism Removal (CPR):    -0.000ns

    Location             Delay type                Incr(ns)  Path(ns)    Netlist Resource(s)
  -------------------------------------------------------------------    -------------------
    W2                                                0.000     0.000 r  B[4]
                         net (fo=0)                   0.000     0.000    B[4]
    W2                   IBUF (Prop_ibuf_I_O)         0.237     0.237 r  B_IBUF[4]_inst/O
                         net (fo=1, routed)           0.465     0.701    RSU2/D[4]
    SLICE_X64Y46         FDCE                                         r  RSU2/Q_reg[4]/D
  -------------------------------------------------------------------    -------------------

                         (clock sys_clk_pin rise edge)
                                                      0.000     0.000 r  <hidden>
    W5                                                0.000     0.000 r  clk
                         net (fo=0)                   0.000     0.000    clk
    W5                   IBUF (Prop_ibuf_I_O)         0.414     0.414 r  clk_IBUF_inst/O
                         net (fo=1, routed)           0.685     1.099    clk_IBUF
    BUFGCTRL_X0Y0        BUFG (Prop_bufg_I_O)         0.029     1.128 r  clk_IBUF_BUFG_inst/O
                         net (fo=58, routed)          0.866     1.993    RSU2/CLK
    SLICE_X64Y46         FDCE                                         r  RSU2/Q_reg[4]/C

Slack:                    inf
  Source:                 A[7]
                            (input port)
  Destination:            RSU1/Q_reg[7]/D
                            (rising edge-triggered cell FDCE clocked by sys_clk_pin  {rise@0.000ns fall@5.000ns period=10.000ns})
  Path Group:             (none)
  Path Type:              Hold (Min at Fast Process Corner)
  Data Path Delay:        1.788ns  (logic 0.227ns (12.693%)  route 1.561ns (87.307%))
  Logic Levels:           1  (IBUF=1)
  Clock Path Skew:        1.964ns (DCD - SCD - CPR)
    Destination Clock Delay (DCD):    1.964ns
    Source Clock Delay      (SCD):    0.000ns
    Clock Pessimism Removal (CPR):    -0.000ns

    Location             Delay type                Incr(ns)  Path(ns)    Netlist Resource(s)
  -------------------------------------------------------------------    -------------------
    W13                                               0.000     0.000 r  A[7]
                         net (fo=0)                   0.000     0.000    A[7]
    W13                  IBUF (Prop_ibuf_I_O)         0.227     0.227 r  A_IBUF[7]_inst/O
                         net (fo=1, routed)           1.561     1.788    RSU1/D[7]
    SLICE_X56Y45         FDCE                                         r  RSU1/Q_reg[7]/D
  -------------------------------------------------------------------    -------------------

                         (clock sys_clk_pin rise edge)
                                                      0.000     0.000 r  <hidden>
    W5                                                0.000     0.000 r  clk
                         net (fo=0)                   0.000     0.000    clk
    W5                   IBUF (Prop_ibuf_I_O)         0.414     0.414 r  clk_IBUF_inst/O
                         net (fo=1, routed)           0.685     1.099    clk_IBUF
    BUFGCTRL_X0Y0        BUFG (Prop_bufg_I_O)         0.029     1.128 r  clk_IBUF_BUFG_inst/O
                         net (fo=58, routed)          0.837     1.964    RSU1/CLK
    SLICE_X56Y45         FDCE                                         r  RSU1/Q_reg[7]/C

Slack:                    inf
  Source:                 Reset_All
                            (input port)
  Destination:            ALU/result_reg[1]_lopt_replica/CLR
                            (removal check against rising-edge clock sys_clk_pin  {rise@0.000ns fall@5.000ns period=10.000ns})
  Path Group:             (none)
  Path Type:              Removal (Min at Fast Process Corner)
  Data Path Delay:        1.832ns  (logic 0.210ns (11.439%)  route 1.622ns (88.561%))
  Logic Levels:           1  (IBUF=1)
  Clock Path Skew:        1.964ns (DCD - SCD - CPR)
    Destination Clock Delay (DCD):    1.964ns
    Source Clock Delay      (SCD):    0.000ns
    Clock Pessimism Removal (CPR):    -0.000ns

    Location             Delay type                Incr(ns)  Path(ns)    Netlist Resource(s)
  -------------------------------------------------------------------    -------------------
    U18                                               0.000     0.000 f  Reset_All
                         net (fo=0)                   0.000     0.000    Reset_All
    U18                  IBUF (Prop_ibuf_I_O)         0.210     0.210 f  Reset_All_IBUF_inst/O
                         net (fo=40, routed)          1.622     1.832    ALU/AR[0]
    SLICE_X57Y45         FDCE                                         f  ALU/result_reg[1]_lopt_replica/CLR
  -------------------------------------------------------------------    -------------------

                         (clock sys_clk_pin rise edge)
                                                      0.000     0.000 r  <hidden>
    W5                                                0.000     0.000 r  clk
                         net (fo=0)                   0.000     0.000    clk
    W5                   IBUF (Prop_ibuf_I_O)         0.414     0.414 r  clk_IBUF_inst/O
                         net (fo=1, routed)           0.685     1.099    clk_IBUF
    BUFGCTRL_X0Y0        BUFG (Prop_bufg_I_O)         0.029     1.128 r  clk_IBUF_BUFG_inst/O
                         net (fo=58, routed)          0.837     1.964    ALU/CLK
    SLICE_X57Y45         FDCE                                         r  ALU/result_reg[1]_lopt_replica/C





